	S001	S002	S003	S004	S005	S006	S007	S008	S009	S010	S011	S012	S013	S014	S015	S016	S017	S018	S019	S020	S021	S022	S023	S024	S025	S026	S027	S028	S029	S030	S031	S032	S033	S034	S035	S036	S037	S038	S039	S040	S041	S042	S043	S044	S045	S046	S047	S048	S049	S050	S051	S052	S053	S054	S055	S056	S057	S058	S059	S060	S061	S062	S063	S064	S065	S066	S067	S068	S069	S070	S071	S072	S073	S074	S075	S076	S077	S078	S079	S080	S081	S082	S083	S084	S085	S086	S087	S088	S089	S090	S091	S092	S093	S094	S095	S096	S097	S098	S099	S100
OTU0001	0	0	0	0	0	0	1	0	1	0	0	0	0	0	1	0	0	0	0	0	0	0	0	0	0	0	0	0	0	0	1	0	0	2	0	0	0	0	0	1	0	0	0	0	0	0	1	1	0	2	0	0	0	0	0	0	0	0	1	0	0	0	0	1	0	0	0	0	0	0	0	0	0	0	1	0	0	0	0	0	0	0	0	0	0	0	0	0	0	0	0	0	0	0	0	0	0	0	1	0
OTU0002	15	8	8	14	7	20	28	14	32	23	19	13	13	13	14	19	10	39	33	21	28	19	10	29	18	11	21	43	47	27	14	21	8	34	9	23	19	25	14	51	32	23	13	4	20	12	21	38	42	24	18	23	9	11	30	29	19	23	22	12	54	24	17	58	7	31	11	30	11	25	14	20	19	7	9	26	19	18	35	9	4	56	11	26	18	11	10	49	14	93	6	17	19	41	17	22	32	19	25	21
OTU0003	20	57	52	32	65	105	148	88	40	107	109	70	43	48	114	99	110	40	36	119	42	180	62	42	36	61	118	58	62	125	40	113	100	134	53	95	174	166	54	48	194	47	58	40	126	33	114	52	57	114	91	147	59	67	24	123	116	110	187	61	91	163	108	119	61	31	82	97	100	135	120	153	102	38	69	139	90	103	40	59	47	117	67	92	212	83	110	100	96	196	50	100	64	88	93	59	60	32	119	87
OTU0004	11	23	15	14	14	15	27	37	18	23	11	16	23	13	21	20	26	14	22	24	13	35	10	11	9	15	26	31	30	36	7	14	10	46	17	38	29	34	29	24	37	15	13	14	30	13	15	20	19	20	31	40	17	31	27	38	33	26	22	14	34	43	29	27	8	23	20	25	12	46	59	22	22	17	26	46	40	17	21	16	16	39	11	19	23	10	35	36	27	49	7	50	39	38	23	16	27	13	35	13
OTU0005	9	42	34	26	33	50	94	60	22	51	44	23	20	26	46	57	41	23	27	64	10	58	47	21	24	44	67	44	56	79	24	42	25	72	27	67	82	123	37	37	116	15	43	30	45	22	59	61	36	65	37	55	20	40	35	47	90	80	80	40	68	108	71	81	15	25	62	51	29	51	81	46	66	27	32	63	70	52	33	23	39	45	31	59	65	47	42	54	45	80	33	64	34	36	69	22	36	13	65	68
OTU0006	0	1	0	0	0	0	0	0	0	0	0	0	0	0	0	0	0	0	1	0	0	0	0	0	0	0	0	0	0	0	0	0	0	0	0	1	0	0	0	0	0	0	0	0	1	0	0	0	0	0	0	1	0	0	0	0	1	0	0	0	0	0	0	0	0	0	0	0	0	0	0	0	0	0	0	0	0	0	0	0	0	1	0	0	0	0	0	0	0	0	0	0	0	0	0	0	0	0	0	0
OTU0007	36	92	74	42	48	93	134	118	69	121	66	84	63	42	69	79	68	83	54	112	61	105	51	68	52	82	95	118	133	107	60	74	71	172	74	142	105	140	88	138	130	68	51	57	112	53	75	95	106	100	112	188	77	72	67	160	93	70	143	58	146	126	167	167	49	73	61	126	61	140	162	81	101	69	71	183	146	69	65	36	69	190	56	76	122	63	103	113	120	290	57	152	88	129	129	70	86	54	78	97
OTU0008	9	11	10	17	7	12	18	19	18	19	10	12	5	4	14	10	14	29	25	17	19	16	11	18	9	18	20	25	24	18	36	8	3	17	10	22	15	37	16	31	26	19	7	5	17	8	17	31	23	12	12	15	9	5	16	11	19	13	13	7	45	31	18	54	4	19	17	20	6	16	27	20	13	7	6	16	19	16	13	8	7	39	4	17	7	17	12	36	15	49	6	9	10	41	12	20	26	11	19	14
OTU0009	1	1	1	0	1	3	3	1	2	1	1	2	1	1	1	2	3	0	1	2	2	1	3	0	1	3	4	4	3	3	2	1	2	2	0	2	2	2	1	2	6	2	2	1	0	0	2	2	5	1	1	3	3	0	2	0	0	3	6	3	4	7	0	1	1	2	1	0	0	1	1	2	2	1	1	1	3	0	0	1	1	5	3	2	3	1	2	4	1	2	1	1	2	2	1	4	2	1	1	2
OTU0010	9	40	37	14	18	20	25	54	26	47	21	34	38	17	12	29	32	26	22	23	17	45	15	19	22	34	35	44	41	24	17	25	18	74	45	59	42	39	28	53	67	14	9	17	21	24	19	34	31	27	69	87	38	31	26	74	25	18	42	8	40	22	44	44	21	29	10	50	13	78	60	25	14	34	30	77	68	15	33	8	24	55	14	17	34	20	68	46	49	65	11	101	60	33	51	17	13	14	31	22
OTU0011	7	15	9	8	30	47	50	22	34	28	22	21	16	19	33	37	38	28	28	38	28	48	15	20	20	15	58	51	62	37	27	27	24	35	19	24	29	41	12	63	88	32	16	6	36	8	29	27	47	33	19	31	19	23	20	21	22	32	48	27	53	32	19	44	14	35	21	32	19	23	37	55	17	11	11	26	25	37	32	19	9	63	18	48	42	17	23	23	21	103	25	46	27	36	20	19	30	18	47	29
OTU0012	142	124	77	186	117	301	293	126	388	225	173	136	102	115	135	253	166	335	258	213	203	251	133	276	247	121	288	399	680	180	176	195	190	178	83	132	201	336	97	515	459	387	111	59	346	107	107	397	485	292	169	255	123	70	313	235	246	188	337	135	499	308	140	471	140	276	132	225	147	144	180	300	211	122	76	228	153	150	273	122	75	784	105	211	296	127	120	406	119	1084	150	218	109	372	177	216	284	200	214	199
OTU0013	8	43	23	12	8	20	38	43	22	50	14	26	14	10	20	17	17	21	13	29	15	19	11	17	15	40	21	27	33	35	23	20	6	55	16	52	25	48	40	19	33	11	16	27	31	14	28	35	18	21	33	49	18	25	21	44	25	25	31	20	56	36	44	44	10	12	23	46	7	51	57	26	15	16	29	42	48	26	22	12	24	39	9	16	29	26	34	30	39	51	10	32	27	37	57	19	25	11	23	32
OTU0014	5	22	10	16	8	15	18	27	13	28	10	21	18	8	9	14	14	7	5	15	6	18	3	12	10	20	14	13	30	21	13	20	7	66	15	23	17	20	18	17	32	11	12	19	18	17	11	24	27	28	25	45	34	22	7	44	28	16	13	9	21	31	33	35	8	11	9	35	12	43	28	18	15	27	24	47	23	6	8	11	28	20	8	18	18	6	20	15	19	56	5	24	20	18	34	11	13	7	17	16
OTU0015	3	13	6	3	8	7	14	10	6	15	9	9	18	3	6	8	11	6	1	7	9	8	2	11	6	10	9	10	18	14	5	9	5	25	6	16	7	13	10	8	15	6	3	5	9	9	5	13	11	10	19	30	8	10	11	29	17	12	15	3	19	14	16	16	3	12	7	14	5	15	21	13	8	16	8	22	14	4	11	5	7	23	7	8	14	1	10	10	12	28	2	13	19	6	17	8	12	11	11	8
OTU0016	0	0	0	0	0	0	0	0	0	0	0	0	0	0	0	0	0	0	0	0	0	0	0	0	0	0	0	0	0	0	0	0	0	0	1	0	0	0	0	0	0	0	0	0	0	0	0	0	0	0	0	0	0	0	0	0	0	0	0	0	0	0	0	0	0	0	0	0	0	0	0	0	0	0	0	1	0	0	0	0	0	0	0	0	0	0	0	0	0	0	0	0	0	0	0	0	0	0	0	0
OTU0017	0	1	1	0	0	0	0	0	0	0	0	0	0	0	0	0	0	0	0	0	0	0	0	0	0	0	0	0	0	0	0	1	0	0	0	0	0	0	0	0	0	1	0	0	0	0	0	1	0	0	0	1	1	0	0	0	0	0	0	0	0	0	0	0	0	0	0	0	0	0	1	1	0	0	0	1	1	0	0	0	0	1	0	0	0	0	0	0	0	1	0	0	0	0	0	0	0	0	0	0
OTU0018	29	107	104	73	99	125	259	161	78	172	73	108	66	68	139	123	110	83	58	179	55	137	115	63	65	92	198	89	167	198	73	108	94	172	70	183	158	271	110	123	320	89	102	65	209	71	110	122	113	172	111	163	88	90	78	158	196	179	171	102	181	246	156	144	79	83	111	164	83	166	231	164	180	95	92	175	165	139	76	80	111	163	67	134	161	90	112	119	120	254	79	164	126	118	162	80	110	44	203	145
OTU0019	9	16	13	12	9	33	50	29	18	25	27	15	4	11	16	22	21	20	9	15	10	22	21	23	15	24	21	18	27	36	12	26	26	42	13	27	29	66	21	27	34	13	14	14	48	11	26	21	23	37	23	29	10	12	12	29	29	27	43	18	46	33	35	49	18	15	19	23	31	22	24	39	28	14	12	31	30	28	12	13	16	59	17	23	39	16	23	31	29	73	16	23	17	26	35	19	20	9	14	32
OTU0020	0	2	1	0	1	2	0	2	1	5	0	6	1	2	1	3	3	0	0	1	0	1	1	1	1	0	2	1	0	1	0	0	0	2	1	5	1	1	0	2	3	2	0	1	2	4	0	1	1	0	3	4	1	1	0	5	3	0	3	0	3	0	2	4	0	3	0	4	2	3	5	0	1	3	2	8	4	2	1	0	2	2	1	0	0	0	3	1	2	5	1	2	6	2	0	0	3	0	1	0
OTU0021	3	10	12	2	5	8	18	12	11	14	7	10	5	4	6	5	8	8	5	15	6	9	5	14	8	12	19	7	8	11	7	7	8	24	2	11	16	20	21	12	18	8	3	8	11	2	4	12	9	15	12	18	7	14	10	14	16	10	11	6	20	17	16	27	10	6	5	16	2	19	20	13	7	10	7	18	18	8	20	9	3	32	5	9	10	2	12	18	10	30	1	14	10	12	11	9	15	4	17	14
OTU0022	3	7	4	4	4	8	15	13	4	10	8	6	6	6	4	18	12	7	1	12	2	21	1	6	3	9	17	11	9	10	5	9	5	13	6	8	9	11	9	10	19	11	4	2	5	1	7	8	5	7	12	4	13	7	8	13	11	9	12	8	16	11	16	11	5	3	5	7	6	12	12	10	9	6	9	9	10	6	6	3	2	11	10	16	8	6	9	12	9	19	4	16	8	8	10	2	3	5	12	13
OTU0023	9	15	14	23	10	7	16	25	12	13	8	7	9	10	18	23	3	16	27	25	15	16	6	21	8	11	19	37	22	19	20	11	6	29	18	34	18	33	11	40	32	21	9	11	17	4	9	44	18	11	28	13	9	8	21	14	21	12	18	10	54	34	16	53	4	29	5	7	4	26	18	9	22	11	12	13	35	21	27	3	18	40	10	14	7	6	14	43	18	56	4	29	17	31	12	20	35	22	18	12
OTU0024	2	36	20	16	11	34	40	31	15	25	19	17	20	17	20	26	20	18	15	29	9	31	22	9	10	28	28	29	26	22	11	21	22	56	24	32	30	52	19	28	53	12	16	14	39	13	26	28	18	29	43	42	17	28	19	36	34	20	29	24	33	49	49	44	11	12	20	29	10	36	40	19	29	15	21	37	40	28	23	12	27	43	17	29	33	17	35	26	39	39	16	33	25	15	59	11	20	8	25	40
OTU0025	0	0	1	0	0	1	0	1	1	0	0	0	0	0	0	0	0	1	0	0	0	1	0	1	0	0	0	0	0	1	0	0	0	0	0	1	0	0	0	1	1	1	1	0	1	0	0	0	1	1	0	0	0	0	0	0	0	0	1	0	1	2	0	2	0	0	0	0	0	1	0	2	0	0	0	0	1	0	0	0	0	2	0	0	2	0	0	1	0	1	0	0	0	0	0	0	1	0	1	1
OTU0026	0	0	0	0	0	0	0	0	0	0	0	0	0	0	0	0	0	0	0	1	0	0	0	0	0	0	0	0	0	0	0	0	0	0	0	0	0	0	0	0	0	0	0	0	0	0	0	0	0	0	0	0	0	0	0	0	0	0	0	0	1	0	0	0	0	0	0	0	0	0	0	0	0	0	0	0	0	0	0	0	0	0	0	0	0	0	0	0	0	0	0	0	0	0	1	1	0	0	1	0
OTU0027	102	165	135	240	169	274	536	191	245	197	196	110	98	197	272	368	332	205	242	342	209	405	249	220	189	155	452	454	401	332	222	211	189	273	130	225	407	673	140	473	722	266	207	97	371	73	263	442	331	260	210	246	110	136	323	181	456	341	371	245	633	569	243	677	143	299	212	162	173	225	248	265	316	103	121	236	215	281	301	109	133	535	199	351	368	206	192	529	189	795	163	317	170	480	208	262	361	225	356	376
OTU0028	0	8	6	8	18	11	25	6	10	9	12	6	11	21	16	25	21	12	16	21	9	30	8	7	2	9	37	19	18	20	7	12	12	13	5	15	26	28	5	17	65	7	19	4	18	3	16	15	15	21	9	10	4	7	7	8	21	17	17	22	18	32	8	16	12	22	17	12	10	10	12	17	16	7	5	13	10	11	10	8	6	18	14	28	15	7	9	10	9	25	11	23	6	16	8	11	8	7	33	19
OTU0029	5	15	9	5	13	10	35	17	10	13	20	9	12	5	18	20	16	15	6	35	9	25	12	10	13	13	19	8	19	36	12	19	20	20	9	26	32	50	17	12	43	9	15	12	34	10	33	10	22	23	13	39	8	10	7	18	28	24	31	7	27	36	18	34	11	9	16	25	22	24	28	29	22	14	13	22	22	16	9	9	13	20	5	20	30	10	18	13	11	41	9	22	15	16	21	15	16	8	25	28
OTU0030	127	240	167	141	79	128	211	311	280	360	111	202	195	61	130	130	128	259	226	151	195	167	92	257	180	213	178	343	450	155	211	95	96	397	198	355	144	237	239	409	317	248	52	134	165	138	113	334	348	160	303	408	180	186	270	363	148	153	201	91	565	194	339	551	78	265	101	363	98	320	433	174	156	203	153	419	348	140	263	72	175	566	82	147	209	83	284	381	278	807	72	418	265	386	301	237	346	191	158	149
OTU0031	52	239	157	82	110	226	302	300	116	363	198	251	202	96	162	191	188	129	98	197	94	249	124	134	87	232	253	163	224	219	89	186	171	419	175	355	237	340	239	180	401	106	98	127	265	152	142	146	157	224	307	555	206	206	109	406	204	195	351	100	226	250	331	218	112	110	116	426	142	341	445	262	179	214	215	533	364	158	122	95	177	293	122	188	321	108	313	166	292	419	138	385	249	150	284	85	147	79	223	207
OTU0032	0	1	2	0	4	0	6	1	0	2	2	3	0	1	2	3	5	3	0	4	1	10	5	1	1	1	9	4	2	6	3	2	1	0	2	0	5	2	1	3	9	2	1	0	3	0	6	1	2	5	2	3	1	0	0	4	7	4	7	2	3	6	3	3	1	1	7	2	1	1	1	4	3	2	0	6	5	5	0	0	3	2	3	2	2	1	0	1	2	5	7	4	1	0	0	2	1	0	5	1
OTU0033	0	0	1	2	0	0	2	0	0	0	1	1	1	0	0	0	1	0	2	0	0	0	0	0	0	0	0	1	1	1	1	0	0	4	0	1	1	1	0	1	1	2	0	0	0	1	0	1	3	1	1	0	0	0	0	3	0	0	1	1	2	0	1	1	0	1	2	1	0	1	0	1	0	0	0	1	1	0	1	1	0	2	1	0	0	0	2	1	0	1	1	2	2	0	0	0	0	1	1	1
OTU0034	0	1	0	0	1	1	0	1	0	0	2	0	0	0	0	0	1	1	0	0	0	1	3	0	0	0	0	0	1	4	0	1	0	2	1	0	3	4	3	0	0	0	2	1	0	1	0	0	0	0	0	0	0	0	0	1	1	1	0	0	0	2	0	1	0	1	2	0	0	1	5	3	0	0	1	1	1	1	0	0	2	0	0	0	2	1	0	1	0	0	1	1	1	1	3	0	1	0	2	3
OTU0035	0	0	0	0	0	0	0	0	0	0	0	0	0	0	1	0	0	0	0	0	0	1	0	0	0	0	0	0	0	0	0	0	0	0	0	0	2	0	0	0	2	0	0	0	0	0	0	0	2	0	1	0	0	0	0	1	2	2	0	0	0	2	0	2	0	0	1	0	0	1	0	2	1	0	0	0	0	1	0	0	1	0	1	0	0	0	0	0	0	2	0	0	3	0	0	0	0	0	1	2
OTU0036	38	66	57	79	42	97	110	85	110	99	101	68	69	39	59	89	82	106	59	80	63	115	56	107	78	63	115	168	210	89	54	99	104	128	56	98	100	146	63	117	199	102	38	39	129	48	79	117	130	114	121	139	73	71	91	140	133	80	165	49	164	124	90	198	53	64	54	96	80	110	110	95	85	56	67	155	81	68	96	32	64	259	65	86	125	53	100	144	95	402	62	115	76	162	84	80	107	61	95	95
OTU0037	31	71	68	27	72	102	149	110	64	107	95	71	63	50	94	105	79	75	64	127	52	130	62	57	42	83	106	108	113	119	60	72	69	135	37	119	120	178	85	119	200	56	46	44	123	43	67	81	63	102	120	129	55	65	67	125	118	119	130	68	141	134	112	142	42	89	82	137	64	106	142	132	99	52	61	128	126	111	90	51	47	144	76	108	122	54	110	115	94	188	50	131	116	109	101	56	98	38	158	104
OTU0038	2	1	1	0	1	0	2	0	1	3	0	2	0	2	0	0	0	1	1	4	2	0	2	0	1	1	1	0	2	1	1	2	2	3	0	1	1	4	1	0	5	0	1	0	2	1	1	0	1	3	1	1	1	0	0	0	4	1	1	0	1	0	0	2	0	0	3	1	0	1	0	1	1	0	1	0	1	2	0	0	0	0	1	1	0	0	1	2	1	2	0	2	0	3	3	1	1	0	2	0
OTU0039	7	27	25	13	15	22	43	36	18	36	38	25	19	11	28	35	38	14	22	32	17	50	19	15	17	33	49	36	32	27	14	31	30	61	19	46	52	39	28	15	63	19	17	19	24	16	35	41	24	43	41	57	31	30	17	50	52	35	59	25	33	51	43	46	19	15	17	45	28	57	61	26	40	29	42	52	43	26	18	10	17	47	28	34	40	17	40	29	44	68	20	44	30	28	37	15	19	9	32	25
OTU0040	25	25	21	34	39	94	120	38	60	46	70	26	18	30	50	68	79	62	48	85	44	89	56	65	41	23	95	70	86	69	32	60	77	60	24	39	106	134	32	79	143	59	24	13	102	10	66	66	68	92	39	68	35	39	53	57	93	60	132	42	102	99	35	126	32	44	63	54	66	55	50	98	67	32	33	56	31	67	52	39	22	157	48	66	112	44	39	85	41	186	42	53	30	82	41	48	69	33	76	90
OTU0041	4	7	2	10	4	8	12	3	4	9	3	2	2	3	4	7	3	5	5	9	5	2	5	2	8	7	11	9	6	5	5	4	4	9	1	5	4	10	6	11	7	6	5	4	5	2	3	6	8	1	4	9	5	2	6	8	4	3	5	3	14	9	8	15	3	10	4	5	3	6	9	10	6	8	2	8	4	4	7	4	5	22	1	7	7	1	4	7	2	15	2	11	1	10	10	5	9	6	5	4
OTU0042	25	32	24	24	47	38	74	39	35	41	46	35	42	19	53	49	63	34	29	74	31	83	36	30	23	38	86	60	44	57	28	55	31	88	39	65	89	92	45	41	122	32	33	27	51	19	50	52	36	54	48	82	30	35	31	60	68	45	68	23	62	111	51	81	30	39	31	49	48	58	83	60	69	31	36	86	57	54	35	29	32	82	35	73	81	28	72	55	52	119	35	74	56	47	53	35	45	28	89	42
OTU0043	7	4	3	12	6	14	21	6	13	4	11	1	5	9	13	15	14	20	10	11	12	24	9	19	6	3	19	16	32	13	10	5	9	7	5	14	15	16	9	26	33	9	10	3	16	3	10	22	16	12	5	11	4	4	16	8	17	15	18	6	30	22	11	32	12	12	4	11	9	6	9	13	16	8	7	3	6	8	26	11	7	31	9	13	20	15	5	20	8	44	8	8	5	22	10	9	16	16	17	17
OTU0044	3	10	7	8	3	6	20	17	5	6	7	6	11	4	12	6	6	6	5	9	6	15	6	2	3	12	9	6	5	13	7	8	7	21	5	20	9	17	16	11	11	0	1	5	6	2	12	10	4	13	9	16	4	12	3	11	14	17	5	2	21	17	20	18	3	4	9	9	6	9	21	13	11	2	8	10	20	19	3	3	8	9	3	5	10	9	10	8	20	8	3	8	14	12	12	9	9	2	11	12
OTU0045	18	66	60	26	96	105	141	105	41	80	66	73	80	63	72	120	111	46	52	126	57	151	59	45	25	77	154	74	74	115	42	79	93	124	72	113	131	182	73	83	245	43	57	43	114	50	81	59	52	114	121	130	62	64	41	123	110	105	146	45	97	157	113	95	60	53	72	121	61	91	157	162	93	59	61	139	110	115	71	61	53	94	74	122	143	55	98	84	85	155	43	152	105	67	97	42	58	26	141	100
OTU0046	12	56	24	19	21	50	40	51	30	81	33	55	40	13	30	50	36	37	27	34	14	46	31	29	22	52	41	55	48	23	20	27	27	83	50	68	54	55	38	42	52	21	13	26	37	28	29	26	37	35	70	121	28	45	36	70	26	35	58	26	54	38	78	79	17	22	16	83	24	69	110	35	23	31	40	107	66	25	31	15	35	85	31	24	59	17	61	50	60	98	15	90	54	48	62	29	56	17	49	35
OTU0047	0	1	0	0	0	1	1	0	0	1	0	2	0	1	2	2	1	1	0	3	1	2	1	0	0	0	1	1	0	1	0	1	0	2	0	4	1	3	0	3	4	1	2	1	1	0	1	2	0	1	1	2	2	1	0	1	1	1	1	1	2	0	0	2	0	2	1	1	0	3	4	1	6	1	0	2	4	0	0	0	1	3	1	0	0	1	0	1	1	3	1	1	2	1	0	0	3	0	2	0
OTU0048	9	24	25	13	15	21	37	41	21	39	7	29	30	11	10	18	16	16	23	24	11	18	11	15	14	23	20	22	27	30	19	12	16	36	16	41	31	45	18	25	41	11	9	8	24	20	12	13	11	19	24	35	17	25	16	37	20	19	17	13	38	31	41	41	8	20	23	30	10	44	56	30	14	11	20	44	45	15	20	10	20	38	11	17	26	9	20	29	27	42	10	61	30	29	23	16	31	15	19	20
OTU0049	3	10	5	3	5	8	15	8	10	12	3	4	7	3	10	3	5	6	5	4	4	7	5	5	6	6	8	3	9	8	8	3	2	13	3	18	8	17	8	8	11	8	7	4	9	14	7	8	10	8	4	15	9	6	4	5	11	11	8	6	7	24	7	12	6	4	9	12	3	14	11	10	6	6	6	13	10	6	1	3	5	10	2	3	6	5	5	13	9	19	3	8	5	9	8	6	11	5	7	6
OTU0050	3	2	2	9	12	13	15	8	12	15	18	9	6	9	14	8	10	8	14	13	2	13	10	7	6	4	24	5	14	17	5	6	12	19	5	9	14	19	6	11	22	11	6	7	10	7	10	17	13	16	4	14	4	9	9	18	13	13	27	11	21	14	9	12	4	8	11	15	6	7	11	12	14	5	8	17	7	12	11	4	4	18	7	19	18	9	8	11	5	16	7	16	9	8	7	7	14	2	18	15
OTU0051	55	215	192	87	105	176	301	340	119	248	147	207	163	97	204	155	141	158	101	290	88	157	135	118	91	201	222	132	217	274	131	140	125	396	132	373	259	377	242	143	360	117	103	132	224	116	164	183	161	203	197	315	179	186	83	298	245	297	247	123	309	341	304	281	87	119	188	301	117	284	493	271	228	153	157	347	374	224	134	96	180	267	76	183	221	125	200	211	231	383	83	264	183	178	293	131	198	56	221	213
OTU0052	21	33	29	43	9	23	25	62	54	59	17	44	24	3	27	15	15	58	38	38	29	22	17	54	28	31	29	47	107	39	38	31	13	60	21	76	38	46	37	44	39	59	15	26	32	27	18	77	96	34	41	82	43	28	30	59	42	32	51	16	110	48	46	90	17	54	19	93	20	43	85	42	28	37	44	87	68	22	42	21	35	121	13	15	26	11	20	84	48	164	12	44	29	65	41	38	69	32	25	22
OTU0053	2	2	1	4	0	7	5	9	5	5	5	5	2	2	7	4	5	7	3	8	3	7	2	6	1	7	1	6	11	4	3	7	2	9	5	13	6	6	5	4	6	3	3	4	3	2	6	12	10	5	4	9	3	5	5	12	9	5	9	6	14	6	9	13	2	6	1	11	3	11	12	5	4	2	8	17	10	8	3	2	5	13	3	6	8	2	3	14	8	14	0	8	5	11	4	6	6	2	8	7
OTU0054	17	26	29	36	45	34	74	45	27	22	31	23	31	26	55	65	60	48	53	62	49	93	38	44	25	33	85	85	60	59	33	43	35	69	37	42	69	74	35	89	163	40	26	20	51	18	38	72	38	47	67	55	16	31	49	46	63	48	77	41	98	108	50	108	21	50	45	35	28	60	72	60	54	28	36	52	57	42	65	19	25	81	44	54	39	25	53	99	37	130	15	74	50	84	48	38	70	28	52	56
OTU0055	30	48	53	49	19	50	98	65	70	64	38	53	30	22	52	42	30	55	42	66	36	38	31	48	33	62	47	90	139	58	55	36	30	79	19	90	75	101	45	64	89	55	40	22	81	34	38	92	91	68	39	68	51	44	58	54	60	51	64	38	151	101	95	152	22	40	47	87	31	74	102	75	62	29	40	65	79	62	48	18	45	132	20	52	67	32	51	106	53	173	31	76	44	101	76	54	82	31	26	57
OTU0056	0	1	0	0	1	1	2	1	0	0	1	1	1	0	3	2	1	1	0	4	0	1	1	0	0	1	3	2	0	3	2	2	0	1	0	1	0	3	1	0	6	0	1	1	1	0	0	1	0	4	1	4	0	2	1	0	1	1	5	0	0	0	2	1	0	1	1	1	0	1	3	1	4	0	0	1	1	1	1	0	0	2	0	0	2	1	2	0	0	4	0	0	0	1	0	1	0	0	5	1
OTU0057	0	1	0	0	1	0	0	0	0	0	0	0	0	0	1	0	0	0	0	0	0	0	0	1	0	0	0	0	0	0	0	0	0	0	0	0	1	0	0	1	3	0	0	0	0	0	0	0	1	0	1	0	0	0	1	0	0	0	0	1	0	1	0	0	0	0	0	0	0	0	0	0	0	1	0	0	1	0	1	0	0	2	0	0	0	0	0	0	0	1	0	0	1	0	0	0	0	0	0	0
OTU0058	7	19	13	6	20	28	36	25	14	33	23	20	26	9	14	20	25	12	11	28	10	31	12	17	11	15	25	23	16	27	15	21	16	26	17	44	39	38	23	18	61	13	10	9	34	11	23	7	18	41	20	39	28	14	12	33	28	34	46	13	44	25	24	39	10	20	13	28	16	25	37	23	13	19	13	39	35	27	19	14	9	41	17	34	35	21	25	25	20	56	12	32	28	19	19	17	15	13	28	27
OTU0059	4	8	2	3	8	8	22	7	3	4	6	6	0	5	8	14	10	11	8	13	9	13	8	4	8	5	7	13	15	21	4	6	5	13	4	12	14	22	7	9	23	5	9	3	10	3	13	14	8	9	7	15	2	4	6	12	8	10	16	4	17	13	10	20	4	10	9	5	6	7	16	15	18	2	6	6	7	7	9	5	3	22	10	3	14	6	8	18	10	28	4	7	2	12	4	12	16	6	9	7
OTU0060	1	1	0	1	2	2	3	3	1	2	3	2	1	0	0	3	2	1	1	1	0	3	1	0	1	1	4	2	3	2	2	1	2	2	0	3	2	2	0	2	3	0	2	0	1	0	0	6	1	0	2	3	0	1	4	3	2	0	4	3	7	3	1	5	2	4	0	1	0	1	3	2	2	1	0	3	1	3	4	0	2	2	3	1	3	1	0	3	0	4	2	2	1	3	0	1	3	0	3	5
OTU0061	0	1	0	1	0	0	1	1	0	0	1	0	1	1	0	0	0	0	1	1	0	0	2	0	1	0	4	2	2	0	0	0	0	0	0	0	1	2	0	1	0	0	0	0	1	0	0	0	0	0	2	1	0	1	0	0	0	1	0	0	3	4	0	0	1	0	0	2	1	1	0	1	0	0	0	0	0	2	1	0	0	1	0	1	0	0	0	0	0	0	0	1	1	0	1	0	1	2	2	0
OTU0062	0	1	0	0	0	0	1	0	0	0	0	0	0	0	0	0	1	1	1	1	3	0	2	0	0	1	0	0	1	1	1	0	0	0	0	0	1	0	2	1	1	0	0	1	0	0	0	0	0	0	1	0	1	0	0	0	0	2	0	0	0	0	0	1	0	0	1	0	1	0	1	0	0	0	0	1	1	0	0	0	0	1	0	1	0	0	1	1	0	1	0	1	0	0	0	0	0	0	1	0
OTU0063	11	34	31	25	33	42	52	42	29	33	40	30	27	18	44	46	51	25	31	48	29	58	28	20	21	33	75	67	62	49	20	39	31	68	33	61	51	92	31	52	129	30	25	25	43	18	35	46	41	61	48	58	26	33	45	55	59	38	51	26	80	76	46	71	24	42	30	58	32	53	65	57	51	28	32	60	41	39	36	15	24	71	40	39	63	20	49	53	42	95	15	57	42	61	40	35	57	21	71	43
OTU0064	0	0	0	1	0	1	1	1	1	0	0	0	0	0	0	1	3	1	0	1	1	2	0	1	1	0	1	4	4	2	0	1	0	2	2	0	0	0	1	1	2	1	0	0	2	0	0	2	0	1	1	2	1	1	2	2	1	0	2	0	1	0	0	0	1	1	0	1	0	0	0	2	1	0	0	4	2	1	0	1	0	1	1	1	0	0	0	1	1	4	0	1	2	0	3	0	1	0	3	0
OTU0065	4	6	6	4	16	8	17	13	9	10	12	7	9	5	6	7	15	13	4	13	3	14	7	6	7	8	17	11	13	14	6	10	9	18	5	13	13	19	8	8	34	8	8	6	25	3	15	20	10	17	10	8	6	7	6	8	14	12	13	6	20	22	8	20	9	10	6	13	7	15	15	18	6	13	4	13	9	11	8	4	7	18	4	8	22	8	11	15	10	21	7	13	9	5	11	8	16	9	16	14
OTU0066	31	73	56	53	57	79	133	112	94	93	67	72	60	39	66	81	67	133	97	107	80	78	56	83	62	66	103	167	151	115	92	77	56	124	45	127	108	146	67	132	154	83	43	32	94	45	87	143	109	80	83	121	55	60	87	110	94	104	102	47	227	122	98	243	48	111	70	111	69	101	132	100	90	51	64	115	121	76	113	47	50	241	48	74	106	40	84	169	81	328	39	100	74	145	92	102	155	53	94	95
OTU0067	11	57	63	33	23	47	104	51	35	56	54	21	33	29	46	70	53	38	46	79	34	68	59	47	24	65	67	74	49	61	41	38	39	86	46	57	81	144	49	86	80	34	31	41	49	11	51	65	41	31	60	54	24	35	53	50	87	63	79	40	98	75	82	125	16	35	46	52	43	70	86	55	58	21	40	54	54	54	53	21	28	93	36	73	59	44	46	89	57	124	21	78	47	87	77	50	64	42	58	80
OTU0068	7	16	24	5	11	10	18	23	7	19	11	10	19	7	16	16	18	6	7	13	5	17	4	9	4	18	23	16	17	17	8	10	7	36	25	41	24	17	29	10	33	8	7	10	16	11	4	6	6	17	29	33	17	19	9	36	20	19	17	14	8	17	29	18	7	13	11	38	14	35	37	19	16	19	20	27	27	15	6	3	16	18	12	14	19	5	35	14	33	21	8	37	24	12	29	6	12	9	18	11
OTU0069	0	0	0	0	0	1	1	0	0	2	0	0	0	1	1	1	3	1	1	2	0	3	0	0	0	0	1	4	5	2	2	0	2	3	0	1	2	0	0	2	4	0	1	0	3	0	5	0	2	0	2	1	1	3	0	1	0	1	3	0	4	0	0	0	1	0	1	1	2	0	1	2	0	0	1	0	2	4	1	1	0	2	1	1	6	2	0	2	0	3	1	1	1	2	1	1	0	0	1	3
OTU0070	0	0	0	0	0	0	0	0	0	0	0	0	0	0	0	0	0	0	0	0	0	0	0	0	0	0	0	0	0	0	0	0	0	0	0	0	0	0	0	0	0	0	0	0	0	0	0	0	0	0	0	0	0	0	0	0	0	0	0	0	0	0	0	0	0	0	0	0	0	0	0	0	0	0	0	0	0	0	0	0	0	0	0	0	0	0	0	0	0	0	0	0	0	0	0	0	0	0	0	0
OTU0071	0	0	0	1	1	0	0	0	0	0	0	2	1	0	0	0	0	0	1	0	0	0	0	0	0	0	0	1	1	0	0	0	0	2	1	0	0	0	0	1	0	0	0	0	1	0	0	1	0	0	0	1	0	1	0	0	0	0	1	0	0	0	0	0	0	0	0	1	0	0	2	0	0	0	0	1	0	1	0	0	1	0	1	0	0	0	0	0	2	0	0	0	0	0	0	1	0	0	0	0
OTU0072	0	1	2	0	2	2	3	3	0	0	0	0	0	1	2	0	1	2	2	0	2	2	1	1	1	0	2	0	1	1	2	0	1	3	0	2	0	3	1	1	5	0	1	1	2	0	2	1	1	3	0	3	0	0	1	4	2	1	1	0	0	2	0	1	0	1	1	1	0	1	0	4	4	3	3	1	3	1	0	0	4	3	1	2	4	1	0	2	2	1	0	5	1	1	2	0	1	1	0	1
OTU0073	11	25	28	23	36	51	60	61	21	41	44	41	35	25	42	61	51	38	32	76	37	69	37	38	20	31	89	47	60	67	28	43	33	74	34	69	80	69	51	57	153	35	26	30	60	23	42	39	44	53	52	67	37	40	28	55	80	65	91	47	94	80	61	71	39	45	38	68	40	67	78	71	52	42	31	75	66	68	46	36	34	94	44	57	65	33	53	50	41	97	27	76	52	37	44	40	44	25	106	46
OTU0074	0	2	5	4	3	14	10	4	1	4	8	8	5	1	10	2	8	5	2	12	3	6	5	4	1	5	10	3	5	6	2	3	7	13	2	7	10	15	8	6	11	2	3	4	13	6	7	6	4	5	3	18	6	4	3	4	3	8	7	4	6	12	12	7	2	4	3	6	3	8	11	6	5	5	9	15	8	4	1	3	3	6	2	7	9	5	11	6	6	11	6	8	7	4	5	2	3	1	5	8
OTU0075	0	2	1	2	5	3	8	3	5	2	3	3	5	2	3	6	4	4	3	8	3	7	2	4	2	2	5	8	1	4	2	5	3	9	5	11	2	5	0	8	17	3	0	0	5	3	1	3	3	7	7	5	4	3	5	4	3	5	4	2	7	6	4	3	1	3	2	5	2	6	8	12	3	1	3	9	8	2	4	7	2	6	2	2	4	1	2	5	1	3	1	7	1	2	2	1	2	2	2	3
OTU0076	0	0	0	0	0	0	0	0	0	0	0	0	0	0	0	0	0	0	0	0	0	0	0	0	0	0	0	0	0	0	0	0	0	0	0	0	0	0	0	0	0	0	0	0	0	0	0	0	0	0	0	0	0	0	0	0	0	0	0	0	0	0	0	0	0	0	0	0	0	0	0	0	0	0	0	0	0	0	0	0	0	0	0	0	0	0	0	0	0	0	0	0	0	0	0	0	0	0	0	0
OTU0077	0	0	1	0	0	0	0	1	0	0	0	0	0	1	0	0	0	0	0	0	0	1	1	0	0	0	0	0	0	0	0	0	0	0	0	0	0	0	0	0	0	0	0	0	0	1	0	0	0	0	0	0	1	0	0	0	0	0	0	0	0	0	0	0	0	0	0	0	0	1	0	0	0	1	0	0	0	0	0	0	0	0	0	0	1	0	1	0	0	0	0	1	0	0	1	0	1	0	0	0
OTU0078	6	48	44	24	6	13	32	65	18	45	13	25	29	10	10	20	11	16	14	25	15	14	12	17	9	56	24	36	25	28	13	12	10	94	41	85	31	35	44	47	40	14	11	28	21	17	16	42	27	15	48	57	28	58	16	45	33	16	22	14	57	45	67	69	6	23	19	44	14	78	98	17	32	29	36	60	71	16	14	8	46	49	12	21	29	14	54	48	56	56	6	74	36	34	62	26	38	14	19	27
OTU0079	0	0	0	0	0	0	0	0	0	0	1	0	1	0	0	0	1	1	0	1	0	1	0	0	0	0	1	0	2	1	3	2	0	0	0	1	0	1	1	0	1	0	1	0	0	0	0	0	1	0	0	1	0	0	1	1	0	1	1	1	2	0	0	1	0	0	0	0	1	0	1	2	1	0	0	0	0	0	1	1	1	1	1	0	0	0	0	0	0	3	0	1	0	1	1	1	0	0	0	1
OTU0080	17	15	13	20	14	21	25	34	32	24	22	14	13	8	23	24	21	47	20	34	38	38	16	18	27	14	26	42	50	24	27	23	19	28	7	38	41	41	25	36	41	34	17	11	32	20	21	48	44	36	18	42	11	14	28	25	33	31	40	18	64	41	21	78	14	25	18	40	23	38	38	29	18	16	20	29	33	27	35	8	20	79	11	24	40	11	24	62	24	99	19	22	20	52	26	29	54	19	19	25
OTU0081	2	15	14	6	16	17	16	16	4	17	27	14	10	6	18	15	16	9	10	24	5	29	16	14	11	10	30	14	26	24	8	27	18	32	11	20	27	26	12	12	40	16	17	9	17	14	24	11	17	23	17	26	14	13	7	24	27	20	40	7	7	37	22	21	12	12	10	24	13	34	29	36	21	20	6	29	21	23	6	9	14	40	14	13	36	13	21	10	22	46	9	15	9	10	15	8	16	1	18	18
OTU0082	7	55	42	21	12	13	22	52	16	64	11	37	49	11	10	17	15	27	17	9	22	16	14	15	10	36	31	37	38	9	22	9	11	80	44	64	13	35	52	26	42	20	9	26	18	26	16	17	22	12	67	84	37	44	21	61	17	15	22	12	43	23	71	33	12	22	11	54	6	64	90	13	20	43	26	78	68	13	21	4	43	39	18	27	16	5	73	30	37	44	3	100	51	23	80	8	22	17	24	14
OTU0083	0	0	0	0	0	0	2	1	0	0	0	0	0	0	0	1	1	1	0	1	0	0	1	0	0	0	0	0	0	1	0	0	1	0	0	0	0	0	1	0	3	0	0	0	1	0	0	0	0	0	0	0	0	0	0	0	0	0	1	1	0	0	0	0	0	0	0	0	0	0	0	1	0	1	0	0	0	0	0	1	0	0	0	0	0	0	0	0	0	0	0	0	0	0	0	1	0	1	0	0
OTU0084	56	259	202	46	176	292	316	266	126	470	229	298	227	125	143	259	243	131	98	228	93	338	127	139	75	230	320	191	182	202	65	254	185	425	244	335	277	389	201	198	517	97	100	160	347	156	178	124	162	275	448	621	223	211	126	539	234	209	458	130	197	311	350	233	121	117	128	476	160	359	401	287	192	243	208	602	279	173	115	118	149	302	162	315	396	147	400	153	292	468	163	554	307	157	306	76	117	99	304	228
OTU0085	7	21	22	11	19	5	12	31	21	20	12	12	17	12	12	24	22	15	21	16	20	25	6	13	21	25	23	28	28	16	11	9	9	34	15	34	20	27	21	27	35	14	7	14	15	7	10	24	19	13	37	34	17	14	19	35	17	15	21	15	34	27	33	33	6	17	6	23	4	22	29	25	12	11	15	29	29	10	31	5	18	32	8	17	23	8	30	26	26	49	6	50	27	21	22	22	19	9	23	15
OTU0086	4	2	2	1	5	6	9	3	4	3	6	2	2	5	9	9	13	2	4	11	8	19	1	4	0	3	19	8	7	7	6	4	5	8	4	6	9	13	7	10	14	5	4	2	11	2	6	7	3	8	12	5	2	1	3	5	10	12	4	5	15	10	3	13	4	9	5	4	3	3	7	6	8	5	1	5	6	6	8	1	6	9	1	11	8	2	3	10	5	20	1	4	6	7	4	10	5	9	9	11
OTU0087	7	21	14	8	18	24	40	22	6	14	15	19	11	14	32	32	22	13	14	52	7	25	25	7	2	15	31	23	12	35	11	23	19	26	11	39	43	64	23	24	52	8	16	9	20	10	31	12	10	14	18	19	9	18	9	21	52	43	22	13	31	54	30	34	8	15	37	16	12	25	49	27	44	12	11	23	36	26	22	10	14	28	13	22	32	27	12	28	26	19	5	28	20	28	22	16	22	7	33	26
OTU0088	136	549	436	254	298	508	880	738	282	720	331	465	383	258	460	443	332	315	253	681	217	460	415	212	172	567	736	293	575	700	262	334	281	787	361	930	552	1031	562	435	1179	306	387	262	584	334	374	536	457	689	424	705	484	386	212	634	839	646	553	346	746	1036	878	572	353	275	455	759	236	639	1016	628	705	517	370	644	907	562	282	250	520	534	211	473	538	324	438	405	489	716	264	803	537	359	721	239	425	159	567	645
OTU0089	13	26	26	23	20	26	48	45	29	43	17	23	32	15	18	28	24	35	41	30	28	45	12	30	15	31	35	61	52	34	28	21	12	52	28	63	36	47	37	52	75	33	8	20	31	13	20	66	58	41	45	51	25	30	38	42	38	21	33	13	80	42	41	77	9	50	17	42	20	45	61	26	30	26	22	55	49	29	48	10	19	66	16	22	25	20	50	69	50	103	6	60	54	65	31	27	42	30	32	28
OTU0090	2	11	6	3	5	8	4	15	4	15	4	5	3	8	3	3	3	3	3	7	5	6	1	6	2	5	13	6	7	3	3	17	3	8	4	9	8	14	5	4	9	4	1	2	7	5	1	2	4	13	9	10	6	2	6	10	4	4	11	7	8	12	10	6	4	4	5	12	3	7	8	9	8	5	7	10	8	3	5	6	2	9	4	6	13	0	4	5	7	9	5	8	8	7	10	3	7	1	11	4
OTU0091	11	35	33	21	23	32	72	29	24	40	18	16	24	29	33	52	38	23	26	49	26	41	21	28	17	44	43	48	55	36	32	24	22	35	26	52	47	66	31	67	85	24	14	22	58	17	30	45	20	38	31	41	19	33	49	38	39	35	44	25	57	52	52	53	18	40	20	33	20	41	64	37	32	16	25	37	46	38	43	12	28	67	14	53	47	29	43	50	30	72	13	80	36	35	49	18	40	34	45	45
OTU0092	39	112	75	58	115	123	229	155	81	84	139	90	77	76	159	146	171	96	99	196	90	241	87	69	73	74	213	155	143	216	101	137	108	209	67	182	238	247	116	118	338	97	99	68	156	52	172	151	90	153	136	201	64	103	82	156	219	228	249	94	222	256	112	266	65	104	144	140	109	186	199	173	179	78	130	183	171	146	105	78	60	255	113	144	219	87	139	198	136	320	56	136	103	216	119	119	135	50	201	160
OTU0093	45	137	130	54	116	331	396	126	185	282	220	113	89	165	127	309	217	102	83	190	75	267	172	111	85	128	307	144	231	204	60	234	178	217	125	148	218	446	86	233	510	129	94	61	423	97	146	137	171	310	162	284	129	119	119	230	260	196	369	166	188	316	232	210	151	93	135	191	159	142	165	309	180	137	100	270	154	159	88	120	90	310	139	309	365	157	167	150	142	428	165	279	130	134	179	91	107	97	227	236
OTU0094	17	21	18	15	19	39	37	22	27	24	30	11	15	19	16	21	25	33	25	35	15	42	15	24	24	17	47	36	61	23	19	31	23	28	15	25	33	53	21	30	76	19	15	15	32	8	17	23	37	39	31	41	16	10	23	47	38	22	44	10	49	51	21	62	14	24	13	28	24	30	35	37	27	20	18	44	26	20	30	20	20	66	20	27	45	16	15	31	22	95	8	39	20	37	22	25	35	18	26	27
OTU0095	129	173	135	200	125	219	301	232	281	241	177	191	130	91	189	181	170	318	189	244	170	237	138	266	211	152	234	323	534	248	236	192	184	299	87	310	287	366	156	331	397	299	111	90	275	109	188	348	385	255	165	352	165	168	205	296	289	269	327	114	634	351	220	609	137	249	170	281	150	249	327	341	202	149	158	336	258	209	247	137	139	662	107	178	341	116	172	446	164	967	122	222	157	409	193	247	356	121	215	194
OTU0096	0	0	0	0	0	0	0	2	0	0	0	0	0	0	0	0	1	0	0	0	0	0	0	0	0	1	0	0	0	0	0	0	1	0	0	0	0	0	0	0	0	0	0	0	1	0	0	0	0	1	0	0	0	0	0	0	0	0	0	0	0	0	0	0	0	0	0	2	0	0	0	0	0	0	0	0	0	0	0	0	0	0	0	0	0	0	0	0	1	0	0	0	0	0	1	0	1	1	0	0
OTU0097	5	8	7	3	7	13	20	11	4	13	8	11	9	1	9	5	3	13	10	11	3	7	12	9	8	7	14	19	12	14	4	16	8	21	10	14	12	24	4	9	18	9	3	6	13	4	10	10	13	9	9	15	11	12	2	13	7	9	11	8	10	8	14	11	5	6	9	15	4	22	19	13	10	14	6	19	22	8	10	3	5	20	7	11	16	3	12	16	16	32	6	15	14	14	14	8	10	3	9	9
OTU0098	13	18	16	17	13	18	51	18	25	22	15	12	13	10	21	20	18	33	22	30	22	16	15	28	16	16	16	29	50	23	18	19	21	39	17	22	28	31	15	39	36	28	14	14	30	9	13	34	36	23	13	24	9	24	20	18	31	21	29	21	65	29	25	64	9	21	11	17	10	29	40	27	19	14	13	33	23	19	25	5	18	63	13	19	26	7	13	55	17	100	13	23	12	48	27	28	46	15	14	26
OTU0099	182	169	133	127	144	215	191	262	314	359	176	290	201	109	136	199	170	403	292	190	278	268	97	340	289	161	221	445	474	213	201	222	161	351	193	320	188	256	220	437	320	279	67	101	318	125	121	253	377	226	308	494	184	175	266	417	140	172	361	86	554	171	257	536	125	363	132	470	158	236	427	320	123	186	179	507	328	174	377	136	103	860	126	191	340	95	312	390	218	1228	118	392	290	337	220	185	357	188	258	163
OTU0100	42	125	94	64	32	47	130	146	87	123	37	102	83	37	69	79	44	100	97	85	77	86	57	80	79	114	86	136	112	84	95	45	37	212	96	194	97	129	127	182	113	71	27	66	72	44	52	119	102	42	135	160	72	113	84	142	84	76	82	51	240	104	189	269	20	100	60	144	34	164	202	75	63	66	92	132	190	97	105	31	72	198	33	72	78	33	114	198	131	307	40	142	108	175	165	74	166	70	95	83
OTU0101	3	6	2	5	4	3	12	10	8	6	10	2	5	8	6	7	9	6	9	12	10	15	2	12	9	7	14	15	17	10	7	9	2	9	3	10	13	17	3	13	24	15	4	3	8	2	11	7	16	12	8	6	5	4	6	11	14	6	11	7	16	10	2	12	3	12	11	5	4	12	3	10	10	4	0	10	7	6	10	5	4	23	3	7	9	5	8	13	3	30	3	8	4	14	7	7	8	2	14	5
OTU0102	0	1	0	1	0	0	0	1	0	1	0	1	0	0	0	0	0	0	0	0	0	1	0	0	1	0	0	0	0	0	0	0	1	0	0	0	0	2	1	0	2	0	0	0	1	0	0	0	0	1	1	0	1	0	0	1	1	0	0	0	0	1	0	1	0	1	0	0	0	0	1	0	1	1	0	1	0	0	0	0	0	0	0	0	1	0	0	1	1	1	0	0	0	1	1	0	0	0	0	1
OTU0103	38	86	59	52	23	40	81	115	42	96	42	78	51	16	52	44	46	65	55	70	50	50	36	59	38	89	49	63	103	65	67	33	35	172	47	168	76	100	93	75	84	74	29	60	52	54	46	102	83	61	65	124	80	97	39	112	85	62	74	31	178	105	130	156	28	41	43	112	28	135	165	64	65	76	73	138	174	55	53	20	82	163	24	30	66	35	84	110	84	207	20	97	86	109	117	60	100	36	46	69
OTU0104	17	38	35	34	72	134	266	59	48	45	89	25	25	69	137	143	111	46	55	208	32	184	116	39	24	43	179	78	49	165	49	70	74	77	19	74	182	303	41	95	247	37	70	26	143	16	138	72	47	123	38	63	27	32	49	36	182	218	164	105	115	232	76	127	60	50	119	31	71	65	97	135	147	37	39	49	53	133	53	62	20	97	65	130	153	94	47	116	52	126	63	61	44	88	66	68	91	40	169	176
OTU0105	42	144	120	48	60	134	169	159	134	214	131	119	97	52	74	125	133	95	84	127	69	181	76	126	110	142	178	187	173	122	94	122	125	276	83	222	194	225	142	164	235	111	65	88	129	86	107	153	152	129	221	360	131	135	94	294	149	143	221	64	201	190	203	294	55	103	77	219	103	254	243	127	103	113	140	317	206	102	94	66	110	292	82	135	229	70	193	193	180	432	82	227	149	193	202	119	126	59	115	115
OTU0106	115	220	208	138	130	267	415	275	178	268	260	210	127	110	202	219	196	228	156	277	117	302	169	223	178	237	253	295	326	288	154	256	217	489	158	328	414	474	240	317	380	209	106	141	319	133	287	299	255	247	254	473	178	239	142	401	273	239	469	155	503	440	362	571	112	179	172	309	186	422	438	319	235	166	243	451	366	242	160	115	160	616	139	206	383	167	252	441	317	856	142	291	184	445	312	277	286	97	233	276
OTU0107	0	1	5	5	2	3	4	4	4	1	3	2	6	1	6	2	1	4	5	5	3	0	1	5	5	2	7	5	7	7	4	0	6	4	4	4	5	8	3	5	12	4	2	3	1	3	3	8	8	5	3	4	1	8	4	2	4	6	2	0	12	7	7	8	1	4	3	3	2	6	7	4	4	2	1	10	3	4	3	2	2	9	3	4	7	2	4	5	6	12	0	5	2	7	2	4	3	2	1	2
OTU0108	10	34	24	14	23	38	58	46	20	39	33	34	18	22	46	46	36	27	16	74	16	61	38	18	17	30	57	27	41	72	25	33	25	54	25	48	40	89	36	38	75	17	26	23	63	14	38	44	28	31	38	47	25	17	19	43	58	48	59	33	51	76	56	46	27	28	30	53	20	35	67	73	49	21	19	56	54	41	24	23	26	50	21	46	57	23	35	34	28	72	26	47	27	38	42	21	23	8	54	51
OTU0109	0	2	1	0	1	1	1	2	1	3	0	1	0	1	2	0	1	2	0	3	2	0	0	1	2	3	0	0	2	1	2	0	0	2	0	2	1	4	3	0	1	0	1	2	2	1	0	6	0	1	1	0	0	2	1	0	3	2	0	1	5	2	1	5	0	2	1	0	0	1	2	2	3	1	0	2	0	0	2	0	2	2	0	0	0	0	1	2	2	2	0	2	1	2	3	1	2	0	0	1
OTU0110	4	26	21	8	12	17	54	21	17	22	16	9	17	15	21	20	20	14	16	27	10	33	11	14	11	17	30	25	36	22	20	21	25	50	14	28	28	40	15	20	46	22	18	11	30	17	18	28	28	32	22	24	17	23	8	31	34	24	37	24	40	40	27	49	20	18	15	24	12	36	32	25	17	16	9	24	29	15	12	8	21	38	6	13	38	11	27	35	25	50	10	28	12	38	20	15	23	9	29	30
OTU0111	14	21	18	10	23	38	48	32	32	24	32	18	22	21	48	43	44	27	18	59	27	64	31	27	12	27	55	44	44	73	31	37	34	48	17	42	60	85	19	53	70	29	29	12	56	3	32	32	29	38	18	25	16	21	23	31	49	52	50	45	74	63	35	83	21	43	33	27	27	36	47	49	32	13	25	39	29	43	22	20	16	66	19	53	57	34	17	47	21	88	26	44	14	47	33	26	47	19	48	43
OTU0112	11	14	10	9	9	15	31	18	6	14	16	11	6	13	14	22	21	11	16	23	7	30	10	12	13	11	17	18	13	15	19	22	21	20	13	19	23	36	12	15	27	7	8	9	19	5	10	15	8	24	14	21	7	11	10	20	19	21	25	4	19	33	19	27	4	17	11	16	13	28	24	27	11	4	11	14	23	21	11	5	10	28	13	16	21	8	15	18	13	42	10	20	11	14	13	11	16	9	29	16
OTU0113	68	93	79	86	121	146	248	136	160	109	124	79	84	96	137	207	187	157	150	193	119	224	100	133	80	83	224	235	218	191	115	126	127	174	89	138	204	296	102	292	361	137	78	69	176	45	109	172	163	158	107	156	75	71	172	140	185	181	219	99	326	237	141	296	61	167	99	139	101	150	184	192	147	70	79	156	162	155	188	76	74	333	102	196	191	93	138	239	99	403	92	218	105	204	131	118	174	108	222	151
OTU0114	0	2	0	1	1	0	2	2	0	5	2	1	3	0	1	0	1	2	2	5	0	4	1	0	0	0	1	2	2	1	1	0	1	1	0	1	1	2	0	1	2	1	0	0	5	0	0	0	2	1	0	2	0	0	1	0	2	2	1	1	1	1	0	1	1	2	3	0	0	2	2	1	2	0	0	2	1	2	2	0	1	2	1	2	1	1	2	3	2	6	1	1	0	1	2	1	2	1	1	3
OTU0115	14	45	46	28	30	45	132	82	23	60	51	45	33	28	77	43	44	49	37	85	30	63	42	47	26	54	56	55	65	76	45	55	46	91	25	88	111	102	62	48	93	29	36	37	72	23	59	71	50	69	50	92	29	47	32	80	87	98	104	50	98	109	89	130	24	36	49	87	57	89	121	94	77	31	41	98	104	76	37	29	54	94	40	50	77	45	67	76	70	133	25	58	34	88	63	46	72	24	56	78
OTU0116	19	26	14	8	24	77	110	39	26	45	48	26	21	26	50	63	37	43	25	91	15	56	49	20	27	25	70	20	32	76	29	57	55	48	10	40	92	142	34	44	75	25	28	5	68	7	44	40	36	72	21	51	16	24	18	52	77	68	91	47	67	102	48	49	45	20	55	56	40	37	63	112	58	23	25	45	43	73	27	45	22	57	28	56	96	35	29	47	15	67	47	34	26	39	41	22	44	19	73	87
OTU0117	2	8	10	6	4	6	10	6	5	9	4	5	1	3	11	6	6	9	7	10	5	10	5	4	8	5	14	11	16	11	8	7	6	11	5	14	6	11	6	7	13	3	4	6	5	4	5	6	5	8	7	4	4	3	8	11	5	7	6	1	16	13	11	19	1	8	8	11	3	6	7	5	11	5	1	9	3	14	12	2	1	14	9	7	6	3	9	8	6	17	1	11	6	6	3	5	5	4	6	11
OTU0118	5	20	10	2	11	19	33	27	14	16	23	13	10	7	13	19	8	17	8	21	3	16	13	9	6	13	20	15	29	30	7	21	20	36	11	25	29	49	11	23	49	8	16	8	38	7	12	16	21	22	14	25	11	21	11	17	35	21	37	13	27	34	25	19	11	2	11	33	17	20	31	35	32	10	10	28	21	19	11	23	16	38	9	26	39	16	19	20	12	52	10	20	13	27	24	13	11	5	20	27
OTU0119	58	147	143	99	114	194	250	205	139	251	138	161	111	91	137	164	176	155	86	192	90	197	116	122	97	152	257	191	260	185	91	155	130	299	118	290	211	278	163	208	409	162	107	94	236	118	153	211	201	223	194	331	161	126	116	273	269	213	270	122	270	274	247	287	121	134	132	272	127	238	308	227	207	183	131	307	215	163	140	79	152	289	118	196	290	109	181	232	196	460	104	283	182	189	215	112	153	90	207	192
OTU0120	8	23	22	11	13	22	38	29	14	28	15	21	13	8	21	13	17	12	8	19	7	30	21	8	14	19	21	30	18	23	22	14	17	65	12	35	44	27	25	10	38	13	12	22	25	13	29	31	15	16	32	55	13	41	20	45	25	25	40	12	38	30	35	51	10	11	9	31	13	53	44	20	21	21	27	47	42	17	12	5	26	34	10	22	38	23	38	47	42	71	8	31	17	27	42	21	18	5	18	25
OTU0121	7	7	5	5	12	8	29	5	9	10	14	10	8	3	11	16	19	3	9	13	10	22	6	8	8	8	32	21	20	12	7	13	8	10	3	11	19	21	9	15	36	7	5	4	12	5	9	6	9	14	15	17	9	4	17	17	17	20	21	12	22	19	10	25	6	11	4	10	10	10	12	15	12	2	7	12	11	18	13	9	5	22	8	15	20	6	11	13	11	32	8	15	8	11	6	6	20	6	20	14
OTU0122	44	101	76	117	69	110	226	84	103	86	93	33	44	52	102	105	99	118	106	156	91	124	90	115	75	85	154	184	228	134	109	91	92	133	41	99	187	235	73	164	234	137	95	44	155	45	128	269	187	160	68	108	60	53	117	84	206	121	152	87	293	258	125	328	63	114	98	104	75	115	111	122	150	52	61	124	84	111	136	59	72	287	65	116	135	72	83	237	89	399	61	117	71	238	90	121	169	68	105	140
OTU0123	1	3	1	3	0	3	1	2	1	2	3	5	0	0	1	1	3	2	3	2	0	1	0	2	2	3	3	0	2	0	2	3	2	4	1	2	3	2	3	3	6	1	1	0	3	3	2	3	5	1	1	4	0	2	0	3	2	1	4	2	5	1	4	4	0	0	1	1	1	2	4	1	0	1	0	4	0	1	0	2	1	10	2	2	2	2	5	4	1	2	1	2	1	8	2	1	1	0	2	7
OTU0124	8	8	10	15	9	8	12	20	13	22	10	17	11	6	9	11	15	28	10	17	17	11	5	19	18	9	12	19	27	21	6	17	10	28	5	24	8	15	13	26	39	19	3	4	15	9	7	21	24	10	20	34	17	9	13	35	14	12	17	7	21	22	17	22	8	15	9	24	9	24	25	15	9	10	11	28	17	8	23	4	14	48	9	8	14	2	23	30	15	82	7	27	17	25	22	8	17	6	18	13
OTU0125	6	29	14	8	14	20	15	36	14	50	14	28	24	8	7	11	18	22	16	11	15	22	6	17	12	15	29	27	39	8	10	18	11	47	22	35	22	25	25	26	29	18	3	12	19	24	6	11	20	18	52	70	31	29	15	55	20	12	25	12	17	22	46	27	7	21	9	65	16	31	45	26	10	28	23	60	50	12	13	5	13	44	13	17	35	9	52	23	25	54	8	62	47	25	37	9	14	15	21	16
OTU0126	6	18	16	10	20	13	31	19	15	21	12	11	19	6	13	17	18	14	15	19	15	21	3	17	13	16	26	20	30	19	18	17	19	33	14	23	17	35	14	28	42	17	10	9	26	19	19	14	25	28	30	34	14	23	16	36	20	22	30	8	33	29	27	33	13	17	12	36	22	22	35	22	11	12	17	39	25	13	21	8	15	51	15	11	36	12	23	26	23	72	12	26	23	30	21	17	17	6	25	19
OTU0127	8	32	17	16	23	32	55	34	34	41	15	28	27	18	22	25	38	26	18	45	26	52	31	31	34	27	38	46	44	28	29	31	26	71	25	35	62	69	29	55	60	24	16	17	39	17	31	39	31	39	60	60	24	22	43	53	42	40	56	20	65	59	40	79	15	28	13	40	26	45	48	39	27	21	21	54	44	21	21	12	23	73	24	23	42	20	36	72	40	125	18	54	28	61	45	24	28	18	40	29
OTU0128	0	0	0	1	0	1	1	0	0	0	0	0	0	0	0	0	0	0	1	1	0	1	0	0	0	0	1	0	0	1	0	0	0	0	0	1	0	0	0	0	0	0	0	0	1	0	0	0	2	1	0	0	0	0	1	0	2	2	1	0	1	1	1	0	2	0	0	2	0	2	0	0	0	1	1	0	0	0	1	0	0	0	0	0	0	0	0	1	0	0	0	0	0	1	0	0	2	0	0	1
OTU0129	0	2	1	0	0	0	2	0	1	0	1	1	1	0	1	1	4	0	2	0	0	4	2	0	2	2	0	3	1	0	3	0	0	2	1	4	4	1	1	1	1	1	1	0	1	0	1	0	0	0	0	1	0	2	0	0	1	0	2	2	2	1	1	2	1	0	0	1	2	1	2	1	0	1	1	3	1	1	0	0	0	2	3	1	4	0	1	2	3	5	0	1	1	0	0	1	0	1	5	2
OTU0130	0	0	1	0	1	1	3	2	0	0	0	0	1	1	0	0	1	1	0	0	1	2	0	0	1	3	0	0	0	2	1	1	1	3	1	1	4	1	4	0	0	0	1	1	2	0	0	2	1	2	1	2	0	1	0	2	1	2	1	1	2	2	3	3	0	1	1	1	0	1	2	2	1	0	2	2	4	1	1	0	0	0	0	1	2	1	0	3	1	1	0	1	1	0	0	0	2	0	3	0
OTU0131	0	0	1	1	2	2	6	2	2	4	1	2	3	2	2	3	3	2	1	2	2	3	2	0	2	3	10	3	5	2	0	4	0	5	3	3	4	2	4	5	10	4	1	0	0	2	1	2	2	3	3	6	0	1	2	1	4	1	7	3	3	2	6	3	2	2	1	3	0	2	3	3	7	7	3	7	2	2	3	2	1	7	2	5	3	3	6	1	1	9	4	6	1	3	2	2	2	1	6	4
OTU0132	40	140	111	85	84	118	232	180	95	145	110	105	114	78	117	160	127	114	100	175	90	186	96	86	63	140	210	170	160	184	98	113	109	241	98	234	196	318	156	175	319	102	81	82	158	73	116	176	118	146	181	180	101	143	101	201	198	174	191	86	247	269	218	296	68	113	103	168	84	226	250	151	172	107	125	223	214	164	126	66	114	241	99	148	197	101	163	212	170	348	63	238	156	187	194	133	162	69	187	150
OTU0133	10	30	17	32	35	30	65	38	17	25	37	14	18	28	39	36	41	25	22	53	20	66	33	13	9	18	75	50	37	51	25	49	29	51	23	30	50	77	22	48	118	23	25	20	42	9	28	37	28	51	40	43	23	18	32	29	59	46	59	26	49	79	31	63	25	21	31	26	35	46	57	42	64	16	26	33	36	48	39	17	15	52	27	40	36	23	30	26	18	58	21	48	18	32	43	34	41	16	47	45
OTU0134	2	1	2	0	7	4	5	2	2	3	0	0	2	4	3	7	7	2	4	6	3	8	1	2	1	2	6	6	2	3	0	3	4	1	0	3	4	6	2	13	14	7	2	2	4	1	1	4	8	2	3	3	2	1	3	2	5	3	4	0	5	5	3	8	2	3	0	3	2	4	5	3	2	1	3	4	1	1	10	1	1	6	4	9	2	2	2	4	1	7	2	5	3	6	3	4	3	5	8	5
OTU0135	0	0	0	1	0	4	3	1	2	2	5	1	0	2	1	2	3	0	3	2	2	6	4	2	0	1	2	2	3	2	0	3	1	3	2	2	0	5	1	2	6	1	4	2	4	0	1	1	0	2	3	2	1	0	2	2	4	2	5	0	1	6	1	2	1	1	1	1	2	2	0	1	2	1	2	2	1	3	1	0	1	3	3	3	3	1	0	1	1	4	4	1	0	3	3	2	1	0	2	6
OTU0136	0	3	2	0	2	1	0	2	2	6	1	2	1	0	3	3	4	0	1	2	1	5	0	0	0	2	4	0	6	2	1	0	2	2	3	4	4	1	3	0	8	0	0	2	4	1	2	3	2	3	2	5	2	1	0	4	3	3	6	2	1	3	3	0	0	1	2	3	2	4	5	2	2	2	3	2	3	1	1	0	2	6	4	3	4	2	3	1	6	2	1	3	1	1	1	1	1	0	4	2
OTU0137	1	1	1	0	0	1	2	3	0	0	1	1	0	1	1	1	0	1	2	2	1	2	1	1	0	0	1	0	2	1	1	0	1	3	1	1	2	4	0	1	2	1	2	0	1	0	0	0	1	2	0	2	0	0	0	0	0	1	0	0	4	3	2	1	1	0	2	0	1	1	1	0	1	0	0	1	2	1	0	0	0	3	2	3	1	3	2	2	0	3	1	1	0	2	1	1	2	1	1	0
OTU0138	1	1	0	2	1	2	1	5	5	2	2	1	1	0	2	3	0	2	3	3	1	5	5	3	1	2	3	1	4	10	5	1	1	5	2	4	1	4	2	7	5	2	0	1	2	0	2	7	3	3	1	2	0	4	3	2	6	2	2	3	13	4	1	17	0	4	1	2	1	4	5	0	0	0	0	1	3	2	7	0	3	5	3	2	0	3	3	4	3	3	1	1	2	7	2	10	7	0	2	2
OTU0139	7	19	12	14	10	33	31	15	28	27	19	16	10	18	11	28	13	23	21	21	15	23	18	17	15	12	24	27	52	20	19	21	14	29	17	22	21	35	16	49	53	22	8	8	27	9	17	27	25	17	21	33	17	14	29	24	23	23	32	14	45	29	18	45	15	25	15	32	10	23	33	30	24	15	16	38	19	17	17	14	15	45	6	13	25	9	16	24	12	75	11	35	20	24	20	19	24	12	32	19
OTU0140	0	0	0	0	0	0	0	1	0	0	0	0	0	0	1	0	0	0	0	0	0	1	1	0	0	0	0	0	0	0	0	0	0	1	0	1	0	0	0	0	0	0	0	0	0	1	0	0	0	0	0	0	0	0	0	0	0	0	0	0	0	0	0	0	0	0	0	1	0	0	0	0	0	1	0	0	0	0	0	0	1	0	0	0	1	0	0	0	0	0	0	0	0	0	0	0	0	0	0	0
OTU0141	65	86	65	79	71	173	201	109	142	162	101	92	69	53	97	119	101	145	90	131	79	155	85	124	90	88	128	149	231	131	66	129	105	153	62	133	137	213	68	173	211	150	58	45	166	58	102	125	166	153	101	175	100	96	105	157	135	118	214	74	231	186	125	257	84	109	75	164	101	126	155	152	96	88	76	174	112	97	111	59	63	299	70	113	205	70	98	180	114	467	79	127	96	179	130	92	125	64	116	117
OTU0142	0	1	0	0	0	0	0	1	0	0	0	1	0	0	0	0	0	0	0	1	1	0	0	1	0	0	0	0	0	0	0	0	2	0	0	0	0	0	0	4	1	0	0	0	0	0	0	0	0	0	0	1	1	0	0	1	1	1	1	0	1	0	1	0	0	0	0	0	0	1	0	1	2	0	0	1	0	0	1	1	0	1	0	0	1	0	0	1	0	2	0	0	0	1	3	1	0	0	0	1
OTU0143	19	48	43	42	30	30	70	79	35	60	46	39	45	21	54	35	59	61	36	71	24	72	31	48	35	52	82	85	87	54	38	48	33	133	42	104	90	82	66	54	108	52	37	43	42	31	51	75	76	57	90	135	54	81	34	116	79	52	87	19	116	118	89	151	33	48	35	97	32	121	120	54	72	47	81	103	113	43	48	23	60	143	30	44	75	33	79	128	80	179	24	90	61	115	86	50	74	32	53	47
OTU0144	1	3	2	3	5	4	3	0	1	3	3	0	2	2	4	5	8	2	3	4	3	5	1	5	3	0	4	3	3	4	2	3	2	1	3	3	6	5	2	7	7	2	2	1	8	1	1	2	5	4	3	1	2	1	3	6	2	4	4	2	1	3	2	3	3	4	1	2	3	2	6	5	4	0	0	6	4	3	3	1	2	4	1	4	3	2	6	3	0	10	1	5	2	2	1	3	4	6	5	3
OTU0145	1	13	12	2	4	9	16	15	11	18	5	9	7	4	8	8	9	7	13	19	7	15	6	4	5	8	11	13	19	14	10	6	3	28	7	23	13	18	10	16	30	5	5	2	6	5	10	10	8	11	13	13	8	8	9	9	14	12	10	8	19	10	15	17	5	11	7	18	10	15	19	8	9	11	10	10	14	13	15	1	6	23	3	12	9	10	4	19	12	26	3	24	16	12	16	12	8	5	13	12
OTU0146	9	21	20	11	22	34	67	29	17	40	29	27	11	23	26	45	37	5	16	36	7	44	28	13	11	24	48	19	26	35	9	27	20	36	20	28	38	67	20	41	58	16	18	19	40	10	27	20	24	41	32	34	23	18	16	31	55	31	53	15	17	69	41	29	19	12	18	37	22	31	35	41	48	24	15	52	30	16	13	14	13	27	22	55	41	20	24	12	24	32	27	46	23	27	36	9	14	10	25	39
OTU0147	11	16	14	23	7	18	35	27	17	18	15	16	14	6	15	17	14	18	10	27	8	25	13	19	24	17	27	22	41	33	23	17	12	29	10	25	39	38	16	27	36	20	7	8	25	14	11	40	34	25	22	31	13	18	23	29	34	28	31	17	50	32	24	53	11	19	13	20	20	26	28	18	19	12	16	40	15	23	17	6	14	61	10	18	27	12	18	46	25	68	12	19	12	43	30	25	32	12	24	21
OTU0148	0	1	1	0	0	0	0	0	0	0	0	0	0	1	0	0	0	0	0	0	0	0	0	0	0	0	0	0	1	0	0	0	0	0	0	0	0	0	0	0	1	1	0	0	0	0	0	1	0	0	0	0	0	0	0	1	1	0	0	0	1	1	0	0	0	0	0	0	0	0	1	0	1	0	0	0	0	0	0	0	0	0	0	0	0	0	0	0	0	0	0	0	0	0	0	0	0	0	0	0
OTU0149	16	46	33	19	51	52	164	56	38	42	59	23	27	35	72	84	61	31	18	93	34	78	54	25	16	34	103	50	42	101	36	49	39	61	29	71	97	171	40	56	134	31	44	27	102	14	50	40	24	55	44	45	19	23	28	40	111	75	61	51	83	128	72	72	29	41	66	48	34	53	68	63	74	23	37	44	62	77	29	29	36	52	47	84	59	51	46	67	52	73	48	64	45	53	64	20	52	13	81	81
OTU0150	5	19	10	17	12	12	27	31	13	26	10	29	12	11	21	16	9	18	18	22	13	17	6	9	11	21	20	12	29	30	13	13	7	32	12	52	16	27	28	20	18	8	7	11	19	10	15	25	21	12	16	41	13	18	13	27	10	23	21	7	52	17	36	32	7	26	14	40	8	29	44	32	16	22	11	36	49	19	19	8	17	30	6	13	23	9	22	25	22	45	11	30	25	22	20	16	29	10	14	20
OTU0151	0	0	1	0	0	1	0	2	0	1	0	1	0	0	1	1	0	1	1	1	0	0	0	2	0	0	2	0	1	2	1	0	0	0	1	0	3	3	1	2	0	3	1	0	4	0	1	2	0	1	2	2	0	0	0	3	3	2	2	2	3	1	2	1	1	1	1	2	0	2	0	0	1	1	1	0	1	1	0	0	1	4	0	0	3	2	0	3	0	0	0	0	1	0	1	0	1	0	3	0
OTU0152	7	5	6	3	18	16	23	10	15	23	15	11	10	12	15	18	20	15	10	17	19	29	12	11	12	11	25	30	30	17	10	9	7	20	14	15	19	31	10	28	42	16	6	6	26	7	16	6	10	12	22	30	10	17	23	19	14	15	16	8	32	23	16	34	9	18	14	17	11	21	21	17	16	5	12	33	13	15	15	8	7	34	11	21	25	9	21	18	20	57	14	31	15	27	17	10	18	10	16	23
OTU0153	3	5	3	1	2	4	3	3	2	10	4	5	3	2	4	6	3	2	4	7	0	4	5	4	6	3	14	5	5	6	1	5	2	7	3	5	2	11	7	2	12	4	0	1	7	0	3	6	3	6	9	5	6	1	4	3	2	5	8	4	5	3	9	3	2	3	1	4	2	7	8	2	6	3	1	12	13	1	4	2	5	6	2	3	3	1	3	3	4	9	2	12	2	1	6	1	2	1	8	3
OTU0154	0	0	0	0	0	0	0	0	0	0	0	0	0	0	0	0	0	0	0	0	0	0	0	0	0	0	0	0	0	0	0	0	0	0	0	0	0	0	0	0	0	0	0	0	1	0	0	0	0	0	0	0	0	0	0	0	0	0	0	0	0	0	0	1	0	0	0	0	0	0	0	0	0	0	0	0	0	0	0	0	0	0	0	1	0	0	0	0	0	0	0	1	0	0	0	0	0	0	0	0
OTU0155	0	2	3	2	1	3	8	6	1	4	2	4	1	1	10	2	1	0	5	3	1	3	2	1	4	4	3	2	7	5	3	5	5	3	3	6	2	13	5	3	7	3	1	0	6	4	3	2	2	5	2	4	7	1	2	2	4	6	7	3	6	6	2	2	2	3	3	5	2	2	4	6	2	3	4	6	5	4	3	1	4	2	1	5	6	4	0	2	5	7	3	1	3	3	8	0	3	3	4	1
OTU0156	2	0	1	1	1	2	2	0	0	0	2	1	0	0	1	3	0	0	1	0	0	1	1	0	0	2	1	4	1	0	2	0	1	3	1	1	2	3	0	4	3	0	0	0	0	0	0	2	2	0	2	1	1	1	1	1	2	1	4	0	4	3	2	4	0	0	1	1	0	0	0	1	1	1	2	2	0	0	4	0	0	1	1	0	0	0	1	2	3	2	1	3	2	2	1	1	3	0	0	1
OTU0157	10	25	17	22	26	58	37	28	24	51	37	38	33	25	35	55	47	41	20	33	30	58	19	24	38	21	54	31	38	42	17	50	41	52	33	42	51	58	31	41	70	27	10	19	70	20	28	19	29	44	49	77	36	25	27	49	29	43	85	18	53	38	28	45	17	36	25	57	40	39	53	85	26	25	22	70	50	45	23	19	17	85	21	40	55	30	40	44	25	96	32	57	43	33	40	22	28	18	64	28
OTU0158	22	66	64	36	45	41	112	79	52	85	35	56	40	33	45	61	49	51	35	74	33	60	51	44	32	89	70	69	66	56	40	58	44	151	45	119	82	107	77	74	92	35	35	49	63	20	54	63	56	41	88	104	47	75	44	101	81	66	60	33	125	100	127	123	27	51	43	87	47	126	123	65	59	31	67	96	109	56	47	18	56	125	33	65	70	30	83	90	86	145	30	103	70	112	134	50	60	36	70	60
OTU0159	1	1	2	0	1	0	2	0	0	1	0	0	0	0	1	0	1	0	2	0	0	0	0	0	0	0	1	0	0	0	0	0	0	1	0	1	0	4	0	1	1	0	1	1	1	1	0	1	0	1	0	3	0	1	0	0	1	1	0	0	3	3	0	0	1	0	0	2	2	0	0	0	0	3	0	1	1	0	1	0	2	0	0	2	3	0	1	1	0	2	0	0	1	0	1	0	1	0	0	0
OTU0160	1	33	31	5	9	22	38	44	7	32	19	17	18	9	15	32	15	7	3	26	3	31	19	9	4	33	35	9	16	26	2	16	12	55	27	40	26	43	20	11	37	2	11	12	24	18	15	11	6	16	41	41	15	19	8	33	35	27	35	20	17	36	52	32	13	10	18	39	14	55	58	25	19	6	22	57	41	20	6	12	20	18	16	25	31	14	32	14	31	23	15	47	33	14	57	6	10	10	32	43
OTU0161	3	7	12	3	9	7	18	18	4	5	7	5	5	4	7	10	11	7	9	22	3	9	10	5	0	14	11	5	9	19	8	3	3	10	3	19	10	21	10	11	21	4	9	8	6	4	8	14	12	8	8	5	4	8	6	10	13	14	6	10	23	17	14	27	4	10	5	10	8	11	23	8	12	2	8	8	14	11	6	3	7	5	6	12	6	4	16	14	13	16	5	9	8	9	15	7	12	5	11	14
OTU0162	3	37	38	19	29	40	61	45	13	41	37	28	28	14	30	35	35	15	14	47	8	42	27	10	16	32	35	18	23	43	16	42	43	81	26	69	51	88	37	34	59	17	18	24	65	16	43	8	19	44	26	70	29	36	9	67	54	54	55	34	34	55	64	39	16	17	38	37	18	67	70	43	39	26	38	86	50	34	15	22	31	39	30	33	54	33	54	33	53	53	26	44	42	29	46	21	19	13	44	52
OTU0163	3	9	4	6	7	15	20	13	8	10	15	4	8	4	14	16	8	6	6	11	3	22	10	6	3	13	24	7	12	14	10	10	11	14	5	17	20	28	7	11	25	5	6	6	15	1	9	12	8	12	6	25	6	8	9	9	14	15	22	5	20	12	11	13	3	13	20	21	10	9	20	26	16	2	6	15	21	16	12	9	8	22	9	11	19	8	7	9	10	15	9	9	6	7	6	1	9	5	17	9
OTU0164	7	15	13	10	19	27	27	17	15	23	12	16	9	12	15	9	17	17	9	20	15	15	6	8	13	19	25	20	27	17	12	13	15	35	10	24	21	38	12	36	48	9	11	7	22	10	9	21	23	23	14	14	15	12	12	24	20	20	18	15	44	29	24	32	8	15	14	26	14	22	30	42	17	15	12	24	25	13	18	7	11	45	9	21	29	11	20	23	22	52	5	16	15	24	19	9	12	11	24	17
OTU0165	0	0	0	0	0	0	0	1	1	0	0	0	0	0	1	0	0	0	0	2	0	0	0	1	0	1	2	1	0	0	1	1	0	0	0	0	0	0	0	0	0	1	0	0	0	1	0	1	2	3	2	1	2	0	1	0	1	1	1	0	0	1	0	3	1	0	0	0	0	1	0	0	1	0	0	1	0	1	1	1	0	0	0	1	1	0	0	0	0	1	1	0	0	0	0	2	0	0	0	1
OTU0166	5	4	3	2	7	4	5	5	8	5	5	2	4	4	4	8	6	5	5	5	3	13	2	8	2	6	10	14	7	7	4	9	7	12	4	2	6	13	4	9	14	6	3	3	5	2	5	7	8	10	5	10	5	2	2	4	6	11	12	4	9	11	6	10	7	6	3	6	5	1	6	11	10	4	4	8	5	10	9	3	2	10	1	10	11	1	3	7	8	14	3	13	4	13	6	6	10	5	7	4
OTU0167	1	1	1	1	3	1	3	0	3	4	2	3	1	1	1	4	1	2	1	2	1	1	3	2	3	1	7	3	2	3	3	2	2	2	2	1	3	4	0	3	16	0	3	2	3	0	3	3	2	4	1	3	0	1	0	2	8	1	4	2	4	2	5	2	0	6	2	2	2	2	2	5	3	0	0	3	5	6	1	1	1	3	1	1	3	1	2	2	0	3	3	6	2	1	1	2	4	1	5	2
OTU0168	0	2	1	2	1	2	7	3	4	1	0	2	1	3	1	2	3	1	4	2	3	9	1	4	1	2	1	3	4	1	1	2	4	0	2	3	3	3	0	3	9	2	1	0	0	0	1	4	2	8	4	2	1	0	2	2	2	2	0	0	3	3	1	2	2	1	3	3	2	1	4	8	9	1	2	3	0	4	0	1	1	2	7	2	4	1	0	4	2	7	1	2	6	3	2	2	0	1	2	2
OTU0169	0	1	0	0	0	1	0	2	0	1	0	1	0	0	0	1	2	0	0	1	1	0	0	1	0	1	2	0	1	0	0	1	0	0	0	0	0	1	0	3	2	0	0	1	2	0	0	0	0	1	0	3	0	0	0	2	1	0	0	0	2	1	1	0	0	2	0	0	0	4	1	0	0	1	0	0	0	1	0	0	0	0	0	0	1	1	2	1	1	2	0	0	1	2	0	1	1	0	0	0
OTU0170	8	13	11	17	14	14	26	12	6	11	6	10	13	12	18	30	18	11	13	25	14	32	18	10	6	17	36	18	18	20	15	13	10	19	12	17	24	45	12	18	67	6	18	3	27	9	19	26	9	24	21	20	7	11	19	9	36	29	12	13	26	35	16	22	5	11	18	22	10	18	26	25	31	15	11	17	25	17	16	11	6	20	17	33	22	13	16	22	15	26	17	26	22	13	16	13	16	8	36	28
OTU0171	0	1	0	1	0	3	6	1	0	1	1	0	0	1	3	1	2	1	1	3	2	1	0	1	0	1	2	1	2	6	0	0	2	1	2	2	4	3	1	3	3	1	0	0	2	0	0	1	2	6	0	1	1	0	0	0	7	2	3	1	2	1	2	1	1	1	1	1	0	1	4	1	2	0	0	3	3	0	1	0	1	2	0	2	3	2	2	1	1	1	0	2	1	3	2	0	0	0	0	1
OTU0172	28	282	226	102	144	222	384	269	144	343	142	156	182	162	168	278	235	110	103	219	105	274	183	110	79	264	417	214	229	221	100	167	133	430	262	321	302	446	229	252	650	119	146	150	292	146	171	202	189	234	332	361	216	227	154	314	337	214	310	136	299	412	416	307	132	131	157	253	138	340	408	218	252	226	238	364	303	190	140	66	246	252	152	333	293	170	323	206	271	401	118	552	270	199	356	128	159	98	254	290
OTU0173	35	57	49	51	40	77	99	81	98	97	66	73	46	27	47	71	72	73	75	90	47	93	43	98	73	67	85	138	124	92	81	77	68	171	43	111	111	136	84	91	127	70	38	68	68	48	62	119	106	57	76	182	46	81	75	137	88	92	128	57	195	103	91	248	49	67	55	90	59	120	116	90	88	51	82	140	112	79	66	21	47	226	45	51	122	39	81	190	97	343	40	87	58	206	82	87	123	48	62	68
OTU0174	1	1	1	1	3	4	8	4	0	3	3	2	1	1	1	3	2	0	1	2	4	2	4	0	3	0	4	2	2	6	3	2	4	1	1	2	5	6	1	4	5	0	1	0	3	0	3	3	1	8	1	3	2	0	1	0	4	9	9	6	5	8	2	5	0	2	2	2	2	1	4	7	9	0	2	2	1	4	4	1	0	4	4	3	4	3	3	3	0	4	4	2	0	4	1	1	4	2	5	0
OTU0175	23	81	70	52	218	175	309	144	63	103	199	73	109	140	210	266	332	66	81	340	91	419	124	66	67	98	416	136	106	285	77	191	149	210	65	165	351	367	100	123	680	52	142	57	231	53	231	107	89	267	161	164	58	95	59	139	301	290	324	120	173	417	119	164	107	81	190	134	152	158	187	300	250	65	92	163	141	265	108	103	86	160	227	267	311	133	170	131	109	245	82	174	137	128	128	73	111	46	414	201
OTU0176	9	24	19	15	13	17	33	33	18	26	25	27	19	12	21	23	31	19	21	33	19	49	18	17	12	23	40	42	24	30	17	28	20	59	20	33	39	43	24	34	61	17	13	16	39	20	26	41	21	18	22	47	17	21	18	29	55	38	41	12	36	44	26	55	13	15	23	37	22	47	53	39	32	18	19	46	23	25	16	11	24	54	15	28	36	18	31	46	27	64	11	34	21	38	24	17	14	15	39	24
OTU0177	42	43	26	58	45	55	73	34	66	41	40	22	30	20	45	52	57	67	69	70	67	50	51	54	51	36	76	119	102	58	63	42	27	66	30	53	75	107	31	111	106	56	32	21	64	21	37	101	76	46	48	55	21	33	69	46	70	55	48	36	181	84	51	158	29	87	42	46	27	55	74	60	65	19	29	44	51	49	87	17	35	158	30	63	65	35	46	101	35	192	19	60	41	106	56	63	115	47	63	63
OTU0178	2	13	11	4	3	11	14	7	8	11	8	6	10	5	6	5	6	7	9	11	5	18	6	5	5	11	6	16	19	5	8	3	4	16	3	15	11	17	11	12	13	6	8	2	12	3	8	18	6	6	16	13	3	9	6	9	9	7	12	6	32	15	12	26	3	9	2	13	5	14	19	4	2	2	10	13	14	7	7	3	4	22	5	8	12	7	9	18	10	39	4	13	10	18	6	8	10	5	11	5
OTU0179	5	35	28	15	8	9	28	29	16	45	14	16	18	4	9	14	17	8	6	18	8	25	9	18	16	26	16	26	30	19	11	5	9	59	17	35	12	30	24	17	31	12	11	18	21	26	10	36	26	15	33	46	28	27	13	37	25	12	20	4	29	29	39	39	8	15	5	24	7	49	53	9	17	27	21	48	38	12	12	1	29	34	10	9	19	7	35	28	26	57	4	43	22	23	41	18	20	6	10	12
OTU0180	0	2	1	0	0	0	2	1	1	4	0	1	1	1	0	2	2	1	1	0	0	0	0	0	1	1	0	2	2	0	0	0	1	4	3	3	1	2	1	0	1	4	1	0	2	1	1	1	0	2	2	2	0	2	0	1	2	1	1	0	3	0	1	2	1	4	0	0	0	1	1	1	0	1	0	2	1	0	1	0	0	0	0	0	3	0	0	1	4	3	1	0	3	4	1	0	0	0	0	0
OTU0181	3	3	3	2	3	3	8	11	3	6	5	9	4	2	8	1	4	6	1	6	5	7	3	1	2	6	9	5	4	8	6	2	0	10	4	9	10	10	6	3	8	5	2	4	4	1	2	9	0	3	7	8	2	7	5	7	3	8	4	3	8	9	14	8	1	4	2	3	2	13	16	5	6	2	5	10	7	6	4	3	6	7	3	4	3	2	4	10	1	13	2	7	8	4	9	4	7	1	7	7
OTU0182	2	1	3	1	1	0	0	2	4	3	2	3	3	0	3	3	1	4	3	5	1	3	0	4	1	4	1	4	4	1	4	1	0	6	0	5	2	2	7	3	4	1	0	2	2	0	0	2	3	3	5	9	0	6	2	4	2	3	2	0	5	2	6	8	1	0	0	3	2	4	6	0	0	3	6	3	1	1	4	0	0	6	1	2	4	0	2	5	5	11	0	2	0	2	1	2	4	0	2	2
OTU0183	4	4	2	3	5	7	15	7	12	12	9	9	7	2	5	14	8	12	5	3	6	8	7	5	5	9	11	7	9	8	7	4	6	14	3	11	6	24	4	12	17	8	4	3	12	5	8	7	9	14	10	14	8	8	4	14	12	8	10	5	16	12	11	12	2	5	7	21	10	10	11	15	11	5	7	14	12	5	4	2	3	17	6	5	11	10	6	13	10	16	4	11	3	14	12	9	8	3	7	2
OTU0184	0	0	0	0	0	2	1	0	0	0	0	0	0	0	0	1	0	0	0	1	0	0	0	0	0	0	0	0	0	0	1	0	0	1	0	0	2	1	0	0	2	0	0	0	0	0	0	2	0	0	1	1	0	1	0	0	1	0	1	0	0	0	4	1	0	0	0	0	0	0	0	0	0	0	0	0	0	0	1	0	0	1	0	0	0	1	0	0	0	0	0	0	1	1	0	0	0	2	0	1
OTU0185	6	9	3	5	4	21	20	12	8	14	7	6	3	12	11	10	14	16	6	12	5	8	13	2	2	7	15	12	10	22	5	7	7	8	3	13	10	16	7	10	19	10	6	1	17	1	8	7	10	13	3	7	3	0	4	5	10	15	10	3	18	22	7	14	8	15	11	8	7	3	15	22	10	7	4	9	13	4	9	6	2	13	4	13	15	7	6	6	4	24	6	6	12	12	3	6	9	4	15	7
OTU0186	2	4	6	3	2	3	5	9	2	5	2	4	2	1	7	4	1	7	1	9	6	7	1	1	5	3	2	5	7	2	7	3	8	7	3	5	2	5	8	8	9	7	4	1	0	3	1	4	5	6	5	4	3	3	2	9	6	4	2	3	10	5	3	6	4	2	4	3	2	5	12	4	3	5	4	7	7	4	4	2	1	10	3	2	2	1	6	5	9	4	2	5	4	6	8	6	5	4	4	5
OTU0187	23	42	28	22	53	65	105	68	28	46	50	30	34	32	81	68	68	51	47	120	36	88	61	25	37	37	74	36	41	90	49	54	33	86	25	88	92	144	52	47	144	26	35	25	76	22	56	51	39	63	51	58	23	40	37	42	98	94	94	46	113	100	56	79	25	45	78	64	36	48	104	110	66	24	42	47	86	89	57	40	27	82	45	68	87	53	47	69	45	82	48	71	50	66	54	46	63	24	114	85
OTU0188	6	13	12	14	14	16	24	14	14	19	10	10	16	9	12	17	18	12	12	21	23	24	10	6	6	14	26	26	16	21	13	9	16	20	7	13	18	32	10	26	35	15	8	17	16	11	14	18	16	12	25	32	10	13	14	19	20	17	22	5	36	28	22	22	9	17	13	23	11	24	29	18	16	13	11	23	17	8	19	9	14	30	12	14	16	6	27	8	15	40	6	31	18	19	15	11	15	10	29	18
OTU0189	4	8	6	4	12	15	23	10	3	5	7	5	9	6	8	8	10	5	7	12	7	14	4	7	1	12	7	15	3	10	10	5	5	13	12	15	14	23	12	10	19	5	2	6	15	2	9	6	4	5	14	11	3	10	8	11	13	2	11	5	13	13	18	16	3	6	7	10	9	16	10	10	7	4	10	10	13	4	10	5	4	22	12	11	15	5	13	24	10	26	6	15	15	12	16	8	9	3	12	10
OTU0190	16	58	35	42	54	65	119	74	29	54	72	36	47	76	48	113	108	42	57	80	47	143	46	23	24	51	156	118	65	77	37	51	48	84	62	71	107	145	44	94	249	41	52	31	83	32	75	78	58	74	94	73	28	48	55	63	97	83	90	47	87	137	88	115	44	68	68	43	36	64	58	61	60	38	37	64	70	61	60	25	32	79	52	125	77	45	86	71	53	118	40	132	68	74	93	26	51	44	107	75
OTU0191	0	5	1	0	0	0	0	1	3	1	1	0	1	1	0	1	1	0	1	2	2	2	1	2	1	2	4	0	1	1	0	4	1	2	1	2	0	2	0	3	2	1	2	0	1	0	1	2	2	0	2	2	0	1	1	1	0	0	3	1	3	2	1	5	0	3	0	1	1	3	3	2	2	1	1	3	0	2	3	0	1	3	0	2	3	0	2	4	0	3	0	1	1	2	0	2	3	2	0	2
OTU0192	1	0	0	0	0	0	1	1	0	0	0	0	1	0	0	0	0	1	1	0	0	0	0	0	0	0	1	0	1	0	0	0	0	0	0	0	1	0	1	0	1	0	0	0	1	0	0	0	0	1	0	0	0	0	0	1	0	1	0	0	1	1	0	1	1	0	0	0	0	0	1	1	0	0	0	0	0	1	0	1	0	1	0	0	0	0	0	0	3	0	1	0	0	1	0	1	0	0	1	0
OTU0193	8	17	15	20	27	6	37	40	18	18	11	22	31	8	22	41	34	16	23	30	14	35	14	15	11	17	37	55	26	32	28	19	12	72	18	42	37	39	25	40	73	17	20	25	18	10	18	26	13	26	49	34	8	26	16	32	38	34	28	6	63	42	41	53	11	29	24	35	15	50	63	26	21	8	24	37	51	25	37	11	13	36	20	32	27	19	43	32	34	59	12	36	42	44	35	33	39	14	48	22
OTU0194	0	0	0	0	1	7	8	0	0	0	2	0	0	0	0	1	2	3	0	0	0	2	0	0	0	3	2	2	0	2	0	0	0	1	2	1	3	2	1	2	5	0	3	2	4	1	2	1	1	2	1	2	1	0	1	0	0	5	1	0	1	6	1	1	0	0	0	0	2	0	0	0	1	1	3	0	0	2	0	3	0	1	1	2	2	3	1	1	0	3	0	3	1	0	2	2	2	0	1	2
OTU0195	0	0	1	5	3	5	2	1	2	2	3	0	1	2	3	4	3	1	3	5	1	3	9	3	3	1	3	5	6	6	4	2	2	2	2	3	4	4	2	6	13	2	2	1	1	0	3	3	5	8	1	4	1	1	6	1	7	7	3	1	8	5	3	7	3	3	3	4	4	1	3	1	2	2	1	3	1	4	3	1	0	7	2	2	6	3	2	4	3	4	2	0	1	2	4	3	4	1	7	5
OTU0196	0	1	0	2	2	7	7	0	0	4	4	2	3	4	2	3	4	3	0	3	0	6	0	1	1	5	5	0	0	4	0	6	4	2	2	1	5	3	2	0	8	3	1	0	10	0	5	1	0	9	1	4	4	2	1	7	3	5	12	3	3	7	4	1	1	1	0	1	5	4	3	4	4	0	3	6	3	6	2	5	0	4	1	2	11	2	4	2	1	4	1	3	3	2	6	1	1	0	4	4
OTU0197	16	31	15	25	14	33	56	30	32	24	32	18	12	18	29	26	28	36	32	33	29	33	17	54	31	20	30	41	68	38	25	28	30	52	10	38	54	75	17	62	48	36	16	19	35	11	38	69	36	38	18	46	18	19	39	37	61	37	49	27	80	49	36	124	17	29	35	36	15	48	39	35	31	12	26	40	34	27	25	9	17	109	13	28	45	21	26	73	35	121	19	39	18	69	26	42	57	23	20	44
OTU0198	1	7	9	5	4	6	13	8	6	7	4	8	5	3	5	11	10	3	11	11	3	15	4	5	4	6	13	10	11	9	6	4	4	15	8	10	5	21	6	13	18	13	4	2	8	4	8	16	11	7	6	11	9	4	8	15	12	9	8	9	17	14	10	16	6	10	3	10	7	14	15	6	9	5	7	13	20	6	10	3	6	12	8	5	9	7	11	12	4	14	2	16	14	10	13	8	10	3	15	11
OTU0199	2	7	4	10	8	13	20	3	10	10	7	5	7	4	7	17	7	13	7	7	7	11	12	10	10	8	13	14	21	10	8	5	9	8	8	7	12	16	5	13	17	9	6	4	16	7	10	6	9	13	8	10	8	6	13	6	10	10	13	11	16	10	6	19	7	11	3	11	6	7	13	14	8	6	6	9	8	7	17	4	6	18	4	17	14	10	9	6	5	36	2	13	9	19	5	15	11	6	11	11
OTU0200	3	12	5	9	12	16	33	10	4	7	7	11	3	4	11	12	10	9	2	13	3	12	19	6	8	11	12	4	16	26	8	12	11	19	4	20	21	35	12	11	25	4	5	8	21	10	10	9	3	23	11	7	10	9	4	17	26	22	26	12	17	32	13	11	8	1	8	13	9	14	19	21	25	5	6	16	18	14	7	7	8	18	5	10	24	8	8	13	11	21	11	9	5	9	12	10	12	2	13	17
OTU0201	10	15	11	15	11	8	9	19	23	16	12	13	9	11	10	16	9	18	17	7	16	15	9	14	10	14	14	23	41	14	15	15	10	27	16	20	17	18	8	34	40	24	3	4	12	7	12	44	27	15	8	17	13	11	23	18	17	13	14	2	38	26	19	42	9	28	7	30	5	17	26	12	7	8	11	29	20	11	25	6	17	44	11	11	19	7	13	33	10	68	5	22	11	23	22	21	27	26	15	14
OTU0202	15	46	52	37	53	58	112	97	12	49	46	47	39	32	82	81	77	47	51	142	36	100	52	27	18	54	139	59	58	93	35	59	52	98	45	89	109	148	62	68	220	29	65	46	66	36	74	68	50	69	68	76	46	52	39	65	117	102	72	52	108	162	86	101	35	59	62	77	40	103	127	77	114	40	48	73	91	95	52	29	58	68	52	89	77	52	57	79	63	88	26	111	83	71	73	37	62	24	109	80
OTU0203	1	0	3	4	5	6	14	4	6	5	6	2	2	3	7	6	5	5	5	12	2	6	6	3	3	2	3	7	7	9	3	3	1	7	0	10	15	18	5	9	9	6	2	1	4	2	5	7	5	4	4	4	2	4	1	7	8	11	9	5	12	9	3	8	3	4	10	1	5	1	12	5	7	2	2	3	4	7	3	3	2	8	1	7	12	4	3	12	3	8	5	8	3	7	10	6	9	2	5	12
OTU0204	3	6	1	3	5	13	17	9	2	6	6	3	2	7	3	6	9	8	5	5	4	17	8	4	1	4	15	12	7	11	8	9	4	7	6	4	13	19	5	12	29	12	7	2	8	0	3	11	2	3	4	5	3	6	7	10	7	8	11	6	11	15	9	16	5	9	5	9	3	10	2	11	9	1	3	8	7	5	10	6	0	23	6	14	15	10	13	2	4	19	5	12	4	14	10	2	1	5	15	13
OTU0205	47	117	89	94	53	111	189	143	114	127	74	91	67	40	91	91	68	123	108	141	91	107	80	98	86	110	127	169	191	134	116	85	77	223	58	159	174	206	115	177	184	106	68	74	124	49	96	187	147	111	100	148	64	101	104	137	159	154	137	96	296	190	172	348	57	101	85	134	61	169	206	129	134	66	110	148	175	120	112	39	89	270	52	101	133	79	93	209	138	391	56	138	85	231	155	132	203	58	113	130
OTU0206	0	1	2	0	2	0	1	0	0	0	2	0	0	1	1	0	0	2	0	1	2	4	0	1	0	1	4	1	1	0	0	1	1	0	0	0	1	4	0	0	3	0	0	0	0	0	0	0	2	2	1	0	1	1	0	3	1	1	0	0	1	2	0	0	2	1	0	2	1	0	0	0	0	3	0	0	1	1	2	0	0	0	0	3	2	2	3	0	0	1	0	2	1	2	3	0	0	0	0	0
OTU0207	7	25	8	14	20	29	25	21	15	21	25	19	17	6	28	19	34	31	23	48	17	20	12	21	14	7	40	34	35	31	18	32	29	27	5	39	46	44	19	30	63	11	21	13	29	7	22	38	30	42	18	27	16	15	14	28	45	30	47	13	57	56	20	45	11	19	22	35	16	26	51	46	32	12	14	29	28	36	26	15	13	55	14	20	47	14	20	25	27	62	8	20	18	31	23	15	30	12	50	30
OTU0208	0	2	0	1	2	3	2	1	1	3	3	1	0	0	4	2	3	5	2	3	0	2	1	3	1	0	1	6	7	1	1	0	0	6	0	3	3	4	2	3	0	1	0	0	3	0	3	2	7	1	1	3	0	1	2	2	0	2	0	2	5	3	2	6	1	1	0	2	0	3	1	1	0	1	0	3	0	2	4	1	0	5	4	4	1	2	8	4	0	11	1	1	1	3	5	2	3	1	3	1
OTU0209	8	21	17	11	15	23	38	40	26	29	31	21	17	20	27	29	34	26	14	37	18	43	21	27	23	24	46	18	26	36	20	22	22	65	16	37	35	57	27	32	64	17	19	14	27	11	30	32	21	27	36	44	17	21	19	51	47	36	42	23	36	49	39	53	19	23	25	39	18	32	29	34	38	16	21	54	46	28	16	11	12	51	16	22	38	12	29	41	32	59	7	29	25	38	45	31	34	13	45	40
OTU0210	34	127	107	83	56	45	124	177	64	117	51	85	93	44	71	85	65	75	70	120	82	90	62	65	46	113	98	131	128	100	100	38	35	238	83	236	107	130	132	151	155	80	50	62	69	56	64	168	111	62	119	147	68	115	75	122	115	107	74	48	241	127	180	226	27	113	63	148	39	175	272	78	110	78	105	155	184	114	120	29	116	149	40	78	72	38	147	166	133	229	27	184	125	187	170	104	166	45	96	89
OTU0211	1	3	1	0	1	3	2	0	1	2	2	3	1	1	5	2	2	1	0	7	0	3	2	2	0	2	3	1	3	0	2	3	5	5	2	6	2	6	1	0	7	2	0	1	3	3	4	3	2	3	2	4	1	2	3	1	5	0	2	2	3	4	3	4	3	2	3	2	2	2	2	4	2	1	0	2	2	3	0	1	2	4	2	3	6	1	4	3	0	5	0	4	4	2	5	4	4	0	2	1
OTU0212	2	1	0	1	5	14	10	2	7	5	9	2	0	3	8	12	4	10	0	7	3	6	3	5	1	0	11	2	6	9	1	6	5	5	2	2	9	11	2	5	14	2	2	0	11	3	8	4	3	5	6	6	1	2	2	4	5	9	12	4	8	8	6	5	4	5	6	4	3	3	1	7	12	2	1	9	9	8	3	2	1	10	8	3	11	3	4	6	4	17	4	6	4	3	7	3	4	3	9	5
OTU0213	0	0	0	1	0	0	0	0	0	0	0	0	0	0	0	0	0	0	0	0	0	0	0	0	0	0	0	0	0	0	0	0	0	0	0	0	0	0	0	0	1	0	0	1	0	0	0	0	0	0	0	0	0	0	0	1	0	0	1	0	0	1	0	0	0	0	1	0	0	1	0	0	0	0	0	0	0	0	0	0	0	0	0	0	0	1	0	0	0	0	0	0	0	0	0	0	1	0	0	1
OTU0214	29	52	37	25	34	79	58	44	77	109	72	60	27	22	24	61	53	85	43	41	49	80	41	84	61	34	76	63	141	57	28	74	59	73	35	61	53	85	32	86	98	66	28	14	105	49	45	56	74	98	50	130	60	35	52	103	69	39	115	37	88	80	68	102	44	49	40	127	66	62	67	96	43	69	36	149	41	31	43	33	24	185	28	61	117	27	57	63	40	241	55	95	45	81	53	54	42	32	62	45
OTU0215	3	8	3	10	4	5	7	9	14	10	6	7	2	6	6	10	6	18	10	6	8	12	5	9	6	15	12	20	22	10	11	10	12	11	5	13	13	22	7	16	19	20	5	5	13	6	11	24	14	12	8	14	4	7	16	11	14	14	24	8	42	13	17	40	3	15	8	12	4	7	13	9	16	7	8	13	9	9	12	5	5	33	6	11	10	8	7	35	8	51	11	11	11	25	15	14	19	14	10	8
OTU0216	0	0	0	0	1	0	2	1	0	1	0	0	0	0	1	1	1	1	0	2	0	1	2	1	0	0	1	0	0	1	1	2	1	3	0	0	1	1	1	0	1	1	1	1	0	2	2	2	1	1	1	1	1	1	1	0	2	0	1	0	1	4	0	3	0	0	0	1	0	1	1	2	2	1	1	2	0	0	0	1	0	3	0	2	3	0	2	1	0	3	1	0	1	0	1	2	0	0	0	4
OTU0217	0	1	0	3	0	0	2	1	0	1	2	3	0	0	0	2	0	0	1	0	2	3	1	3	1	1	2	1	2	0	0	0	1	2	0	2	2	3	2	2	2	2	0	1	1	0	0	2	4	0	0	4	0	0	1	1	2	0	1	1	2	1	1	4	0	0	1	0	0	2	1	2	4	2	1	1	0	2	1	2	0	3	0	3	3	1	0	0	0	2	0	0	1	0	3	0	2	2	1	1
OTU0218	44	48	45	51	78	155	214	56	85	63	136	55	40	85	121	129	119	102	62	157	59	189	95	87	65	45	197	116	163	132	59	146	117	74	36	70	203	237	42	126	284	94	72	19	176	33	123	116	132	187	60	106	50	47	72	117	190	181	234	76	169	215	67	189	86	75	104	80	113	65	83	223	165	42	33	119	92	131	85	87	41	227	83	164	223	94	66	138	70	328	86	72	56	108	59	83	112	50	147	148
OTU0219	1	0	2	3	0	2	6	1	2	5	5	6	1	4	3	4	10	3	4	3	2	13	1	6	2	4	4	9	4	1	1	4	2	7	7	6	4	7	3	7	8	3	2	4	4	2	0	8	7	2	5	6	3	4	4	5	3	4	4	1	10	5	6	5	1	4	1	1	4	3	6	3	5	1	0	5	2	1	10	0	3	8	5	3	8	1	3	2	3	13	2	2	6	9	0	3	10	2	5	5
OTU0220	20	69	51	33	35	26	68	105	35	55	24	40	56	20	38	34	49	41	64	41	55	41	27	33	51	58	49	86	76	53	30	30	20	140	48	101	49	66	64	82	91	42	23	53	34	26	30	58	55	34	107	95	41	66	46	76	41	46	43	23	117	52	86	102	24	67	26	79	25	108	125	44	43	32	55	106	91	48	57	13	28	113	21	39	59	25	92	87	69	122	13	130	80	96	77	59	69	33	52	34
OTU0221	17	20	19	28	12	34	46	20	32	31	36	9	12	11	21	27	27	37	22	25	26	30	19	36	23	21	42	59	76	25	28	25	16	27	27	35	49	56	22	52	63	45	17	13	40	18	19	57	54	43	30	45	19	31	34	40	34	22	51	19	83	55	40	95	17	23	15	32	24	41	20	41	27	23	18	60	26	13	28	7	13	105	13	33	47	19	22	54	25	129	11	38	25	59	42	42	40	19	31	31
OTU0222	0	1	2	0	4	2	7	5	0	4	7	1	1	2	2	5	7	2	4	4	4	3	5	0	0	4	3	3	4	6	6	4	2	8	5	7	5	10	3	4	3	2	2	0	5	0	8	7	3	7	3	4	2	4	3	1	4	2	6	2	8	6	2	8	2	2	5	3	2	3	4	3	4	2	4	5	2	2	3	3	2	9	1	4	6	4	2	10	2	8	1	8	2	7	6	3	5	5	4	3
OTU0223	4	3	3	3	7	3	3	5	2	8	2	4	1	5	1	4	4	2	5	2	8	7	1	6	4	3	4	3	3	3	4	4	1	5	2	8	8	5	4	9	4	1	1	3	5	1	3	6	10	4	0	6	3	2	5	8	4	4	3	2	12	4	7	8	0	7	1	9	4	6	5	5	1	3	4	5	1	3	6	3	4	5	0	1	4	0	3	3	3	18	0	8	1	2	5	5	6	3	2	1
OTU0224	9	26	26	15	24	60	94	27	19	41	33	19	24	31	46	47	38	12	12	62	10	58	45	18	16	36	67	20	27	70	16	44	30	48	16	40	76	120	31	27	132	25	30	13	76	14	44	23	23	73	27	41	19	23	13	30	90	59	67	36	43	107	49	47	39	10	32	23	34	36	41	54	69	13	15	40	35	50	16	22	30	32	32	63	73	43	27	30	18	54	47	42	28	32	41	8	21	4	55	76
OTU0225	4	14	6	5	5	7	19	15	8	17	11	8	9	6	10	14	14	13	11	13	9	14	8	11	11	5	13	21	14	11	9	16	14	20	5	11	21	20	8	16	16	12	12	9	10	6	10	12	16	13	12	20	5	11	13	17	15	13	20	2	25	22	8	25	3	8	5	11	5	19	15	23	10	3	7	18	15	14	20	4	1	39	9	14	16	9	16	23	12	43	4	17	6	23	12	13	11	5	13	18
OTU0226	0	4	1	2	2	1	2	4	4	1	0	6	1	0	0	3	3	3	1	5	2	3	5	1	1	1	4	2	5	0	0	3	4	3	3	7	2	3	1	1	6	2	2	1	2	2	5	4	3	4	2	1	2	3	6	3	3	2	2	0	2	1	5	5	1	1	1	4	4	2	3	3	4	1	1	2	3	2	2	0	1	2	2	3	2	0	4	0	1	10	1	6	2	1	4	4	4	1	4	0
OTU0227	4	10	12	3	21	12	20	15	10	22	17	11	11	11	21	20	27	14	20	26	9	17	11	13	12	11	31	26	29	22	13	16	24	22	16	19	16	24	12	28	44	11	7	7	18	11	16	15	16	20	12	22	8	11	19	16	22	30	18	15	23	23	17	14	9	14	12	23	10	21	16	18	8	8	5	17	23	19	26	13	10	30	13	30	27	10	9	15	10	47	10	39	20	16	13	11	13	9	34	16
OTU0228	0	0	0	0	0	0	0	0	0	0	0	0	0	0	0	0	0	0	0	0	0	0	0	0	0	0	0	0	0	0	0	0	0	0	0	0	0	0	0	0	0	0	0	0	0	0	0	0	0	0	0	1	0	0	0	0	0	0	0	0	0	0	0	0	0	0	0	0	0	0	0	0	0	1	0	0	0	0	0	0	0	0	0	0	0	0	0	0	0	0	0	0	0	0	0	0	0	0	0	0
OTU0229	51	175	138	121	197	337	561	206	135	223	338	141	134	195	297	344	350	126	123	392	104	524	228	145	109	158	507	234	244	422	112	334	289	377	121	239	568	687	170	176	864	145	231	125	435	95	330	245	170	442	219	339	136	184	119	245	565	417	550	226	317	698	293	341	194	127	258	236	245	333	287	371	417	152	168	324	263	308	121	144	142	373	258	382	516	268	255	279	234	498	187	282	187	278	215	169	203	95	423	428
OTU0230	9	37	29	27	14	32	65	40	23	36	21	23	21	16	34	38	37	21	26	56	22	48	25	37	21	34	44	59	64	43	28	28	23	73	21	53	62	74	41	61	93	38	16	17	33	16	38	64	45	39	32	46	21	38	27	55	62	38	33	32	89	70	55	125	20	32	41	34	28	72	68	34	50	14	23	37	50	33	19	10	36	83	25	27	42	28	41	103	39	119	18	48	28	70	53	55	65	23	28	39
OTU0231	19	70	42	19	36	31	61	75	57	81	23	52	52	18	32	36	35	51	51	38	39	55	17	46	40	74	58	84	69	30	33	26	19	114	60	86	40	53	56	104	87	34	11	40	46	34	30	59	55	29	103	105	50	60	53	102	33	36	61	20	77	55	101	117	15	48	24	74	30	82	132	36	37	38	54	109	95	31	70	13	34	131	33	46	59	17	107	89	68	162	15	124	97	70	71	45	54	49	60	49
OTU0232	21	14	11	13	35	35	42	21	31	31	43	17	19	29	26	41	26	28	26	51	17	55	18	29	15	19	78	30	49	42	18	29	35	29	17	24	41	61	26	36	103	23	27	9	46	22	25	50	35	41	26	37	21	16	22	32	56	29	61	15	49	65	27	51	20	23	26	32	27	19	32	48	52	23	16	30	28	40	22	12	17	65	24	34	64	17	23	31	28	81	20	36	24	38	16	21	18	16	54	31
OTU0233	4	18	14	5	5	20	23	5	4	19	18	7	5	8	10	12	21	11	4	11	4	19	11	16	4	12	17	14	20	17	5	13	18	27	16	16	22	26	13	12	34	6	13	8	30	7	20	12	10	21	16	29	13	19	3	23	19	20	22	12	22	28	18	21	7	8	8	12	16	33	15	18	14	8	14	26	28	15	8	6	13	32	11	24	16	14	19	29	17	31	13	25	11	16	19	8	7	5	15	14
OTU0234	92	157	127	130	173	285	455	207	127	194	257	129	117	147	256	270	294	175	140	376	110	410	208	175	99	156	391	270	299	344	172	278	225	346	97	258	477	530	130	264	645	168	191	109	313	105	296	288	220	314	213	284	141	182	142	258	413	348	423	189	408	477	240	419	161	161	253	200	202	266	294	319	390	131	136	263	253	281	144	137	147	413	213	242	416	182	196	396	225	592	135	212	160	321	205	199	231	100	325	297
OTU0235	143	443	309	275	261	385	555	495	341	503	311	370	349	247	314	490	432	334	392	470	319	607	253	328	271	414	714	634	629	460	303	300	257	755	375	677	507	728	417	697	1056	392	248	270	474	281	338	600	505	471	610	716	362	377	380	604	626	462	610	272	765	750	572	865	228	444	304	553	251	643	761	488	467	347	395	747	613	392	467	178	358	838	305	439	530	255	620	605	501	1251	203	816	508	601	557	369	482	253	536	411
OTU0236	0	3	3	0	1	1	1	3	0	3	1	5	2	0	1	1	1	0	1	1	1	3	3	0	0	2	0	0	0	2	2	1	0	7	0	3	1	1	2	0	4	0	0	3	2	0	2	0	2	2	2	5	1	2	0	4	2	1	2	3	1	4	3	1	0	0	1	2	0	0	2	2	1	0	0	2	3	1	1	1	1	1	1	0	1	0	4	2	3	1	0	5	7	0	1	1	1	0	4	0
OTU0237	44	91	70	66	61	184	191	118	166	176	110	110	55	69	110	115	77	144	71	133	70	126	93	102	81	71	147	99	225	129	66	142	87	139	57	125	137	231	82	171	219	139	77	43	207	82	97	128	158	177	85	195	108	63	90	147	168	138	222	86	197	199	144	172	107	85	78	156	112	114	167	201	120	107	66	224	138	98	103	72	56	266	55	124	193	68	82	149	78	331	92	125	84	123	107	83	119	70	138	127
OTU0238	11	23	10	16	30	37	68	21	21	15	36	11	8	22	44	34	28	26	23	50	19	38	25	13	10	17	29	25	32	45	25	29	26	32	16	31	56	85	24	41	62	16	25	8	45	8	34	42	30	30	27	18	11	17	22	19	55	56	48	31	63	62	19	52	13	21	17	26	19	32	46	31	44	12	15	26	26	30	21	15	10	39	18	31	39	28	21	42	16	67	17	18	15	50	28	29	31	17	44	42
OTU0239	0	0	0	0	0	0	0	1	0	0	0	0	1	0	2	0	0	0	0	0	0	1	0	0	0	1	0	0	2	1	0	0	0	0	0	1	0	0	1	0	1	0	0	0	0	0	0	0	0	0	0	1	0	0	1	2	0	1	0	0	1	1	0	0	0	1	0	0	0	0	0	0	0	1	0	0	0	1	0	0	0	0	1	0	2	0	0	0	0	2	0	1	0	0	0	0	0	0	0	0
OTU0240	31	65	44	53	49	92	91	41	75	74	87	35	30	35	40	77	72	73	66	79	47	103	48	94	70	41	64	126	134	79	69	88	61	84	30	60	114	152	47	104	155	76	44	33	104	34	75	89	116	82	53	119	32	53	69	86	89	71	139	40	154	111	61	201	40	82	52	76	73	75	73	80	76	42	35	92	47	71	79	44	34	222	52	72	118	42	66	115	48	300	47	67	55	135	78	71	82	46	86	82
OTU0241	0	14	5	1	14	10	15	14	2	10	8	19	10	6	7	12	9	6	4	14	4	10	7	3	5	8	26	14	10	18	4	8	9	21	7	29	7	18	12	13	29	5	5	5	19	10	8	8	6	13	10	24	14	11	8	17	14	13	13	2	14	10	14	10	3	7	9	18	8	11	26	14	13	11	13	18	14	10	7	3	9	15	3	13	13	5	23	7	11	16	6	15	19	9	18	9	8	9	13	9
OTU0242	7	14	14	9	23	45	53	26	19	35	25	16	12	18	23	44	30	20	10	53	13	34	22	16	13	13	45	36	28	34	19	21	36	33	18	27	29	50	23	36	62	20	16	9	43	14	27	19	20	36	29	29	12	11	25	27	38	50	47	15	37	50	28	40	20	17	30	35	22	26	29	28	31	11	14	38	29	38	20	15	16	38	17	30	38	21	16	16	10	48	18	21	26	33	20	22	15	9	36	30
OTU0243	1	10	6	3	6	8	15	8	5	6	7	5	8	14	11	16	18	4	2	20	5	13	10	4	3	3	14	4	9	18	7	10	8	12	9	5	15	25	7	10	32	9	4	5	20	1	12	12	4	13	7	3	3	4	4	10	16	20	17	6	14	23	15	12	8	4	6	7	6	12	10	10	22	2	4	11	16	10	11	9	2	15	7	14	18	10	4	12	6	23	4	13	11	7	12	3	9	2	19	16
OTU0244	23	34	26	27	66	82	74	75	41	58	49	57	68	44	68	70	67	63	80	116	62	88	37	40	28	35	122	65	75	102	41	45	47	69	32	101	80	96	61	72	193	39	41	22	73	33	51	49	48	79	54	82	48	36	39	76	75	105	92	37	126	101	49	76	32	77	76	108	39	60	84	107	63	32	27	82	108	98	77	48	42	87	48	60	69	34	64	64	45	125	33	77	86	61	58	25	82	32	158	63
OTU0245	3	3	3	2	0	2	8	0	1	2	3	1	1	3	0	1	3	4	2	2	1	5	3	4	3	0	7	1	3	4	2	2	3	4	1	7	3	6	0	0	5	1	1	1	2	0	1	2	2	2	1	3	0	2	1	5	3	4	3	0	7	6	5	8	1	4	0	1	2	6	5	2	8	1	1	4	1	3	3	1	1	5	1	0	8	5	1	3	2	8	4	1	1	2	3	2	1	0	4	2
OTU0246	0	3	1	1	1	1	2	1	0	3	2	0	1	0	1	3	3	1	0	2	1	3	1	0	0	2	0	0	2	2	0	1	2	2	0	1	4	1	2	0	2	0	2	1	4	0	1	0	1	1	0	3	0	0	0	2	0	8	3	1	3	1	1	2	1	0	0	1	0	0	1	2	1	0	0	2	2	2	0	2	2	1	0	0	0	1	1	0	1	3	0	0	1	2	2	0	3	0	2	1
OTU0247	15	32	23	21	20	31	35	36	32	39	21	21	17	14	29	32	22	27	25	40	20	42	17	24	23	21	31	33	37	37	22	33	26	53	15	44	31	61	21	33	61	33	17	13	44	21	33	34	34	29	23	35	20	29	30	33	38	27	40	19	39	44	35	64	12	22	31	36	19	41	43	40	36	17	22	50	33	30	23	23	18	69	15	31	30	10	29	39	18	91	17	32	24	40	33	21	36	15	32	36
OTU0248	65	92	66	49	48	180	172	123	129	193	142	147	63	37	124	105	107	111	55	126	56	109	77	145	100	88	120	113	178	140	82	157	120	192	60	136	169	182	101	130	172	115	44	55	194	68	122	97	141	156	112	256	102	92	74	210	135	133	239	85	190	149	140	200	77	65	82	215	100	149	188	217	106	120	87	297	146	110	64	80	64	319	68	117	224	66	99	184	123	472	77	115	81	155	125	81	113	33	110	110
OTU0249	6	20	12	10	15	31	54	18	12	25	24	18	15	16	31	27	32	16	13	40	9	44	19	13	13	14	50	17	34	46	10	24	23	27	9	26	32	56	15	21	59	16	16	10	44	13	21	14	21	29	19	40	19	18	10	23	41	33	31	18	38	61	26	45	20	18	19	28	24	23	36	50	33	17	13	25	24	24	16	18	13	38	22	20	40	14	18	32	20	42	16	23	15	26	21	14	20	9	30	36
OTU0250	0	0	0	0	0	0	0	0	0	0	0	0	0	0	0	0	0	0	0	0	0	1	0	0	0	0	0	0	0	0	0	0	0	0	0	0	0	0	0	0	0	0	0	0	0	0	0	0	0	0	1	0	0	0	0	0	1	0	0	0	0	0	0	0	0	0	0	0	0	0	0	0	0	0	0	0	0	0	0	0	0	0	0	0	0	0	0	0	0	0	0	0	0	0	0	0	0	0	0	0
